stop_id,stop_name,stop_lat,stop_lon,shelter,washroom,bike_rack,bench
WR,West Harbour GO,43.266775,-79.866222,0.0,1.0,1.0,0.0
WH,Whitby GO,43.86484,-78.93818,1.0,1.0,1.0,0.0
WE,Weston GO,43.70022,-79.514671,0.0,1.0,1.0,0.0
UN,Union Station,43.645195,-79.3806,0.0,1.0,1.0,1.0
UI,Unionville GO,43.851689,-79.314332,1.0,1.0,1.0,0.0
ST,Stouffville GO,43.970924,-79.249989,1.0,0.0,1.0,0.0
SR,Streetsville GO,43.575584,-79.70882,1.0,1.0,1.0,0.0
SCTH,St. Catharines GO,43.1476135,-79.2549057,1.0,0.0,1.0,0.0
SC,Scarborough GO,43.716945,-79.254722,1.0,1.0,1.0,0.0
RU,Rutherford GO,43.838487,-79.498819,1.0,1.0,1.0,0.0
RO,Rouge Hill GO,43.780375,-79.130646,1.0,1.0,1.0,0.0
RI,Richmond Hill GO,43.874307,-79.426167,1.0,1.0,1.0,0.0
PO,Port Credit GO,43.555999,-79.586881,1.0,1.0,1.0,0.0
PIN,Pickering GO,43.831576,-79.084594,1.0,1.0,1.0,0.0
PA,Pearson Airport Terminal 1,43.6821671,-79.6132584,0.0,0.0,0.0,0.0
OS,Durham College Oshawa GO,43.871004,-78.884807,1.0,1.0,1.0,0.0
OR,Oriole GO,43.765518,-79.364275,1.0,0.0,1.0,0.0
OL,Old Cummer GO,43.793703,-79.371403,1.0,1.0,1.0,0.0
OA,Oakville GO,43.455594,-79.682242,1.0,1.0,1.0,0.0
NI,Niagara Falls GO,43.108882,-79.063319,0.0,1.0,1.0,0.0
NE,Newmarket GO,44.060426,-79.459289,1.0,0.0,1.0,0.0
MR,Markham GO,43.882691,-79.262469,1.0,1.0,1.0,0.0
MP,Maple GO,43.859481,-79.506984,1.0,1.0,1.0,0.0
MO,Mount Pleasant GO,43.6749763,-79.8221817,1.0,1.0,1.0,0.0
ML,Milton GO,43.52364,-79.867172,1.0,1.0,1.0,0.0
MK,Milliken GO,43.823227,-79.301785,1.0,1.0,1.0,0.0
MJ,Mount Joy GO,43.900521,-79.26313,1.0,1.0,1.0,0.0
MI,Mimico GO,43.616411,-79.497762,1.0,1.0,1.0,0.0
ME,Meadowvale GO,43.597566,-79.754328,1.0,1.0,1.0,0.0
MA,Malton GO,43.705153,-79.63823,1.0,1.0,1.0,0.0
LS,Lisgar GO,43.590791,-79.788539,0.0,1.0,1.0,0.0
LO,Long Branch GO,43.591317,-79.546149,1.0,1.0,1.0,0.0
LI,Old Elm GO,43.990395,-79.237098,1.0,0.0,1.0,0.0
LA,Langstaff GO,43.838546,-79.423139,1.0,1.0,1.0,0.0
KP,Kipling GO,43.636955,-79.536287,1.0,1.0,0.0,0.0
KI,Kitchener GO,43.455686,-80.49313,1.0,1.0,1.0,0.0
KE,Kennedy GO,43.733045,-79.262706,1.0,0.0,1.0,0.0
KC,King City GO,43.920037,-79.526886,1.0,1.0,1.0,0.0
HA,Hamilton GO Centre,43.253284,-79.869192,1.0,1.0,1.0,0.0
GU,Guildwood GO,43.755272,-79.198252,1.0,1.0,1.0,0.0
GO,Gormley GO,43.941617,-79.399033,1.0,1.0,1.0,0.0
GL,Guelph Central GO,43.544353,-80.246917,1.0,1.0,1.0,0.0
GE,Georgetown GO,43.655373,-79.919054,1.0,1.0,1.0,0.0
EX,Exhibition GO,43.635549,-79.418927,1.0,0.0,1.0,0.0
ET,Etobicoke North GO,43.706172,-79.563506,1.0,1.0,1.0,0.0
ER,Erindale GO,43.567235,-79.668506,1.0,1.0,1.0,0.0
EG,Eglinton GO,43.739621,-79.23231,1.0,1.0,1.0,0.0
EA,East Gwillimbury GO,44.077996,-79.455776,1.0,1.0,1.0,0.0
DW,Downsview Park GO,43.7536333,-79.47835,1.0,0.0,1.0,0.0
DI,Dixie GO,43.608022,-79.577762,1.0,1.0,1.0,0.0
DA,Danforth GO,43.686462,-79.300358,1.0,1.0,1.0,0.0
CO,Cooksville GO,43.582973,-79.623695,0.0,0.0,1.0,0.0
CL,Clarkson GO,43.513127,-79.633206,1.0,1.0,1.0,0.0
CE,Centennial GO,43.873601,-79.289211,1.0,0.0,1.0,0.0
BU,Burlington GO,43.341265,-79.809141,1.0,1.0,1.0,0.0
BR,Brampton Innovation District GO,43.6869087,-79.7628632,1.0,1.0,1.0,0.0
BO,Bronte GO,43.416774,-79.722294,1.0,1.0,1.0,0.0
BM,Bloomington GO,43.975949,-79.397258,1.0,1.0,1.0,1.0
BL,Bloor GO,43.656928,-79.450192,1.0,1.0,1.0,1.0
BE,Bramalea GO,43.7022591,-79.6887512,1.0,1.0,1.0,0.0
BD,Bradford GO,44.116513,-79.555394,1.0,1.0,1.0,0.0
BA,Barrie South GO,44.35112,-79.627441,1.0,1.0,1.0,0.0
AU,Aurora GO,44.000758,-79.459725,1.0,1.0,1.0,0.0
AP,Appleby GO,43.379429,-79.760991,1.0,1.0,1.0,0.0
AL,Aldershot GO,43.313385,-79.855659,1.0,1.0,1.0,0.0
AJ,Ajax GO,43.847766,-79.041372,1.0,1.0,1.0,0.0
AG,Agincourt GO,43.78611,-79.284385,1.0,1.0,0.0,0.0
AD,Allandale Waterfront GO,44.374139,-79.687858,0.0,0.0,1.0,0.0
AC,Acton GO,43.6338043,-80.034111,1.0,0.0,1.0,0.0
08048,St. Catharines Downtown Terminal,43.1607860239228,-79.2432895817443,0.0,0.0,0.0,0.0
08047,New Credit Variety & Gas Bar,42.9767059850247,-80.0373990879198,,,,
08046,50 Generations Dr. (Oneida Business Park),43.0272655947838,-79.9978677699124,,,,
08045,Old Elm GO Bus,43.9899019821539,-79.2374567924724,0.0,0.0,0.0,0.0
08044,Bramalea GO Bus,43.702269,-79.690011,0.0,0.0,0.0,0.0
08043,Cornell Bus Terminal,43.879761,-79.232535,0.0,0.0,0.0,0.0
08042,Bramalea GO Bus,43.702269,-79.690111,0.0,0.0,0.0,0.0
08041,Bramalea GO Bus,43.702269,-79.69011,0.0,0.0,0.0,0.0
08032,Bramalea Bus Terminal,43.7186356,-79.7205734,0.0,0.0,1.0,0.0
02866,4th Line @ Chiefswood Rd.,43.0682633088754,-80.1169291725398,,,,
02865,Chiefswood Rd. @ 4th Line,43.0678643358192,-80.1186740468311,,,,
02864,Durham Hwy. 2 @ Browview Rd.,43.9131217980881,-78.6218225259608,,,,
02863,Durham Hwy. 2 @ Bowmanville Ave.,43.9115795382994,-78.7008794862316,0.0,0.0,0.0,0.0
02862,Durham Hwy. 2 @ Bowmanville Ave.,43.91091788908,-78.7031217545171,0.0,0.0,0.0,0.0
02861,Bovaird Dr. W. @ Mississauga Rd.,43.6675885360206,-79.8288531489574,0.0,0.0,0.0,0.0
02860,Keele St. @ Barhill Rd.,43.8507335913209,-79.511543431514,,,,
02855,50 Generations Dr. (Oneida Business Park),43.0272655947838,-79.9978677699124,,,,
02854,Six Nations Sports & Cultural Memorial Centre,43.0699561963629,-80.1221912675896,,,,
02853,Sour Springs Rd. @ Chiefswood Rd.,43.0360932262248,-80.1403524632348,,,,
02852,Chiefswood Rd. @ Sour Springs Rd.,43.0362835050571,-80.138712213684,,,,
02851,Sour Springs Rd. @ Mohawk Rd.,43.0552607806868,-80.193617691558,,,,
02850,Sour Springs Rd. @ Mohawk Rd.,43.0554102667635,-80.1934904804657,,,,
02849,Woodlawn Rd. W. @ Regal Rd.,43.5487925525194,-80.2996385624222,,,,
02848,Woodlawn Rd. W. @ Regal Rd.,43.5487200063601,-80.2999959281198,0.0,0.0,0.0,0.0
02847,Thomas St. @ Highbank Rd.,43.571390698523,-79.7207524673365,0.0,0.0,0.0,0.0
02846,Toronto St. @ Elgin Park Dr.,44.0977670588629,-79.1280365027131,0.0,0.0,0.0,0.0
02845,Gordon St. @ Clair Rd. W.,43.5020608534142,-80.1915893520694,0.0,0.0,0.0,0.0
02843,Rathburn Rd. W. @ Mavis Rd.,43.5821728098426,-79.6559157889272,0.0,0.0,0.0,0.0
02839,Simcoe St. N. @ Richmond St. E.,43.8990287511044,-78.864162144326,0.0,0.0,0.0,0.0
02838,Sheppard Ave. E. @ Herons Hill Way,43.7754648931527,-79.3354883868647,0.0,0.0,0.0,0.0
02837,Sheppard Ave. E. @ Herons Hill Way,43.7757323805573,-79.335555520699,0.0,0.0,0.0,0.0
02836,Allandale Waterfront GO Bus,44.373363,-79.691343,,,,
02835,Allandale Waterfront GO Bus,44.373273,-79.691063,0.0,0.0,0.0,0.0
02834,Hwy. 48 @ 19th Ave.,43.945923,-79.278093,0.0,0.0,0.0,0.0
02831,Bradford GO Bus,44.115842,-79.556401,0.0,0.0,0.0,0.0
02830,Old Elm GO Bus,43.9899019629206,-79.2374555459893,0.0,0.0,0.0,0.0
02829,Yonge St. @ John St.,43.814391,-79.424193,0.0,0.0,0.0,0.0
02828,Barrie Transit Terminal,44.387438,-79.690317,0.0,0.0,0.0,0.0
02821,Yonge St. @ Poyntz Ave.,43.760053363685,-79.4107512589806,0.0,0.0,0.0,0.0
02820,Major Mackenzie West Bus Terminal (Canada's Wonderland),43.8472741648348,-79.5415471504326,0.0,0.0,0.0,0.0
02819,Victoria St. N. @ Frederick St.,43.4661769073305,-80.4573893890337,0.0,0.0,0.0,0.0
02818,Victoria St. N. @ Frederick St.,43.4663507673236,-80.4579750554575,0.0,0.0,0.0,0.0
02816,Scarborough Centre Bus Terminal,43.77486,-79.26088,1.0,0.0,0.0,0.0
02815,Cornell Bus Terminal,43.879742,-79.232527,0.0,0.0,0.0,0.0
02812,Steeles Ave. @ Trafalgar Rd. (Toronto Premium Outlets),43.5743597133588,-79.8346358454101,0.0,0.0,0.0,0.0
02811,Steeles Ave. @ Trafalgar Rd. (Toronto Premium Outlets),43.5738830213569,-79.8356593239271,0.0,0.0,0.0,0.0
02809,Guelph St. @ Mountainview Rd. S.,43.650131,-79.902022,0.0,0.0,0.0,0.0
02808,Main St. S. @ MacLennan St.,43.608965,-80.130286,0.0,0.0,0.0,0.0
02807,Guelph St. W. @ Lakeview Ave.,43.632898,-80.05002,0.0,0.0,0.0,0.0
02806,Tenth Ln. @ Main St.,43.975499,-79.231476,0.0,0.0,0.0,0.0
02804,Main St. N. @ Henry St.,43.65194,-79.92927,0.0,0.0,0.0,0.0
02803,Main St. N. @ George St.,43.651519,-79.928908,0.0,0.0,0.0,0.0
02802,Moutainview Rd. N. @ Maple Ave.,43.654996,-79.909971,0.0,0.0,0.0,0.0
02801,Maple Ave. @ Mountainview Rd. N.,43.655002,-79.911197,0.0,0.0,0.0,0.0
02800,University of Waterloo Terminal,43.474444,-80.540546,0.0,0.0,0.0,0.0
02799,University of Waterloo Terminal,43.474393,-80.539507,0.0,0.0,0.0,0.0
02787,Simcoe St. N. @ Windfields Farm Dr.,43.963642295078,-78.9029293914662,0.0,0.0,0.0,0.0
02786,Trafalgar Rd. @ Rosegate Way,43.482746,-79.713083,0.0,0.0,0.0,0.0
02785,Trafalgar Rd. @ Glenashton Dr.,43.480786,-79.709716,0.0,0.0,0.0,0.0
02784,Trafalgar Rd. @ Briarhall Gate,43.477566,-79.705312,0.0,0.0,0.0,0.0
02783,Trafalgar Rd. @ Upper Middle Rd. E.,43.475362,-79.702112,0.0,0.0,0.0,0.0
02782,Simcoe St. N. @ Windfields Farm Dr.,43.963039,-78.902909,0.0,0.0,0.0,0.0
02781,Simcoe St. N. @ Britannia Ave.,43.955632,-78.899736,0.0,0.0,0.0,0.0
02780,Brock University,43.118136,-79.249325,0.0,0.0,0.0,0.0
02779,Baldwin St. @ Hwy. 407 Park & Ride,43.9449147110778,-78.9599680461866,0.0,0.0,0.0,0.0
02778,Kipling Bus Terminal,43.635688,-79.538441,0.0,0.0,0.0,0.0
02776,Toronto Zoo,43.8196889741776,-79.1796790788481,0.0,0.0,0.0,0.0
02775,Port Credit GO,43.555598,-79.587457,0.0,0.0,0.0,0.0
02772,Yonge St. @ Sheppard Ave.,43.762187996328,-79.4109345055581,0.0,0.0,0.0,0.0
02771,Yonge St. @ Hwy. 407,43.8384664250903,-79.4293096916894,0.0,0.0,0.0,0.0
02768,Yonge St. @ Westwood Ln.,43.8445789374929,-79.4312068959128,0.0,0.0,0.0,0.0
02767,Bloomington GO,43.975523,-79.396884,1.0,1.0,1.0,1.0
02766,Trafalgar Rd. @ McCraney St. E.,43.466272,-79.690048,0.0,0.0,0.0,0.0
02765,Trafalgar Rd. @ Upper Middle Rd. E.,43.474533,-79.701471,0.0,0.0,0.0,0.0
02764,Trafalgar Rd. @ River Oaks Blvd. E.,43.47697,-79.70504,0.0,0.0,0.0,0.0
02763,Trafalgar Rd. @ Glenashton Dr.,43.48015,-79.709384,0.0,0.0,0.0,0.0
02759,King St. W. @ Queen St. N.,43.25943,-79.878547,0.0,0.0,0.0,0.0
02758,Hwy. 47 @ Paisley Ln.,44.0177983588276,-79.2319480136823,,,,
02757,Consumers Rd. @ William Sylvester Dr.,43.770562,-79.330273,0.0,0.0,0.0,0.0
02756,Consumers Rd. @ William Sylvester Dr.,43.770398,-79.33023,0.0,0.0,0.0,0.0
02752,Cooksville GO Bus,43.5822961767171,-79.6245055812486,0.0,0.0,0.0,0.0
02751,Cooksville GO Bus,43.582296,-79.624506,0.0,0.0,0.0,0.0
02750,Main St. S. @ Clarence St.,43.6803567961439,-79.7526657450494,0.0,0.0,0.0,0.0
02749,Simcoe St. S. @ Athol St. E.,43.896376,-78.862941,0.0,0.0,0.0,0.0
02748,Centre St. S. @ Athol St. W.,43.89617,-78.865335,0.0,0.0,0.0,0.0
02746,Main St. S. @ Nanwood Dr.,43.676796,-79.747726,0.0,0.0,0.0,0.0
02745,Main St. N. @ Williams Pkwy.,43.6983315029567,-79.7768451099263,0.0,0.0,0.0,0.0
02744,Yonge St. @ Little Ave.,44.36632,-79.662611,0.0,0.0,0.0,0.0
02743,Green Lane E. @ Yonge St.,44.073514,-79.481434,0.0,0.0,0.0,0.0
02742,Prospect St. @ Davis Dr.,44.05972,-79.453897,0.0,0.0,0.0,0.0
02741,Davis Dr. @ Prospect St.,44.060566,-79.454395,0.0,0.0,0.0,0.0
02739,Rathburn Rd. W. @ Perivale Rd.,43.575505,-79.664227,0.0,0.0,0.0,0.0
02738,Rathburn Rd. W. @ Perivale Rd.,43.575855,-79.664277,0.0,0.0,0.0,0.0
02737,Derry Rd. @ Sauve St.,43.524441,-79.842406,0.0,0.0,0.0,0.0
02736,Derry Rd. @ Sauve St.,43.523968,-79.842312,0.0,0.0,0.0,0.0
02732,Davis Dr. W. @ Eagle St. W.,44.053908,-79.485428,0.0,0.0,0.0,0.0
02731,Davis Dr. W. @ Eagle St. W.,44.053617,-79.485558,0.0,0.0,0.0,0.0
02730,Centennial Pkwy N. @ QEW (Confederation) Park & Ride,43.2425830614163,-79.7599571072281,0.0,0.0,0.0,0.0
02728,Bramalea GO Bus,43.702269,-79.690111,0.0,0.0,0.0,0.0
02726,Bayview Ave. @ River Ridge Blvd.,44.009295,-79.444537,0.0,0.0,0.0,0.0
02725,Bayview Ave. @ River Ridge Blvd.,44.009748,-79.445043,0.0,0.0,0.0,0.0
02722,Main St. @ Mill St. E.,43.6301210479395,-80.0419071434871,0.0,0.0,0.0,0.0
02721,Gordon St. @ Stone Rd.,43.5272921676036,-80.2256214441709,0.0,0.0,0.0,0.0
02720,Elizabeth St. @ Victoria Rd.,43.5552971023133,-80.2303018528565,0.0,0.0,0.0,0.0
02719,York St. @ 800 York St.,43.5584831140902,-80.2149901373342,0.0,0.0,0.0,0.0
02718,Gordon St. @ Kortright Rd.,43.5224020262207,-80.2134931638836,0.0,0.0,0.0,0.0
02717,Gordon St. @ Clairfields Dr. E.,43.5057636408486,-80.1943022849076,0.0,0.0,0.0,0.0
02716,Courtice Rd. @ Baseline Rd. Park & Ride,43.8860800890398,-78.7688846365461,0.0,0.0,0.0,0.0
02715,First Ave. @ Front St. Park & Ride,43.884898,-78.85374,0.0,0.0,0.0,0.0
02714,First Ave. @ Front St. Park & Ride,43.885019,-78.854257,0.0,0.0,0.0,0.0
02712,Bovaird Dr. W. @ McLaughlin Rd. N.,43.6957585266119,-79.7981796900374,0.0,0.0,0.0,0.0
02711,Major Mackenzie Dr. E. @ Hwy. 404,43.8827011632664,-79.3803716525566,0.0,0.0,0.0,0.0
02710,Major Mackenzie Dr. E. @ Hwy. 404,43.8827741694863,-79.3804406287544,0.0,0.0,0.0,0.0
02709,Yonge St. @ Finch Ave.,43.7808519429722,-79.416002462366,0.0,0.0,0.0,0.0
02708,Hwy. 50 @ Castlemore Rd.,43.8022027763583,-79.6689430530202,0.0,0.0,0.0,0.0
02706,Yonge St. @ Queen St.,44.0955808817404,-79.4901815817581,0.0,0.0,0.0,0.0
02702,Kingston Rd. @ Westney Rd.,43.857678667214,-79.0409885998896,0.0,0.0,0.0,0.0
02700,Trafalgar Rd. @ Dundas St.,43.4879119435482,-79.7199831176779,,,,
02699,Hwy. 10 @ Travelled Rd.,43.8573969935826,-79.9922485935605,,,,
02698,Victoria St. E. @ S. Blair St,43.8654558761237,-78.9209973861173,,,,
02697,Victoria St. E. @ S. Blair St.,43.8653472462941,-78.9209650743573,,,,
02696,Guelph St. @ Hall Rd.,43.6486902942995,-79.8765444720472,0.0,0.0,0.0,0.0
02694,Bayview Ave. @ St. John's Sideroad,44.023461599752,-79.4476920600681,0.0,0.0,0.0,0.0
02693,Bayview Ave. @ St. John's Sideroad,44.0237239494145,-79.4481818236578,0.0,0.0,0.0,0.0
02692,Bayview Ave. @ Mulock Dr.,44.0410444955981,-79.4517586529434,0.0,0.0,0.0,0.0
02691,Bayview Ave. @ Mulock Dr.,44.0414415652058,-79.4521589476021,0.0,0.0,0.0,0.0
02690,Prospect St. @ Pearson St.,44.0493428055643,-79.4528843805226,0.0,0.0,0.0,0.0
02689,Prospect St. @ Pearson St.,44.0496186238697,-79.453040727793,0.0,0.0,0.0,0.0
02688,Burton Ave. @ Granville St.,44.3716585556774,-79.6905053283273,0.0,0.0,0.0,0.0
02687,Burton Ave. @ Granville St.,44.3716444485243,-79.6911595701255,0.0,0.0,0.0,0.0
02684,Simcoe St. @ Britannia Ave.,43.9558385161942,-78.8994952290358,0.0,0.0,0.0,0.0
02683,Green Lane E. @ Yonge St.,44.073913,-79.481138,,,,
02682,Queen St. @ Mill St.,43.8809995812407,-79.7400896488493,,,,
02681,Queen St. @ Hickman St.,43.881289458911,-79.7407395455473,,,,
02680,Bramalea Rd. @ Balmoral Dr.,43.7154679735916,-79.7054676815027,0.0,0.0,0.0,0.0
02677,Gordon St. @ Clair Rd. E.,43.5002316951943,-80.1886650066085,0.0,0.0,0.0,0.0
02676,Dundas St. @ Halls Rd.,43.8710634547294,-78.9813988024596,,,,
02675,Dundas St. @ Halls Rd.,43.8713052332062,-78.981120567689,0.0,0.0,0.0,0.0
02674,Hwy 407 Bus Terminal,43.7830713234851,-79.5244458372792,0.0,1.0,0.0,0.0
02673,Hwy 407 Bus Terminal,43.7830465622674,-79.5232260682288,0.0,1.0,0.0,0.0
02672,Dundas St. @ Hwy. 412 Park & Ride,43.8769486590634,-78.9812249498338,0.0,0.0,0.0,0.0
02668,Union Station (UP Express),43.6447330087495,-79.3823285604034,0.0,0.0,0.0,0.0
02661,Renforth Transitway Station,43.662995090205,-79.5911181123626,1.0,1.0,1.0,0.0
02660,Renforth Transitway Station,43.6630754344014,-79.591281189024,1.0,1.0,1.0,0.0
02659,Dixie Transitway Station,43.6300128947218,-79.6146254772841,1.0,0.0,1.0,0.0
02658,Dixie Transitway Station,43.6300478663032,-79.6146878930147,1.0,0.0,1.0,0.0
02655,Hurontario St. @ Fairview Rd.,43.5875907610701,-79.6265046670912,0.0,0.0,0.0,0.0
02654,Hurontario St. @ Elm Dr.,43.5908331882659,-79.6310144279685,0.0,0.0,0.0,0.0
02653,Hwy. 10 @ Buena Vista Dr.,43.9218485290721,-80.0830587693037,0.0,0.0,0.0,0.0
02652,West Harbour GO,43.2660685497468,-79.8659978056508,0.0,1.0,1.0,0.0
02651,Military Trail. @ Pan Am Dr.,43.7877954094493,-79.1904190458541,0.0,0.0,0.0,0.0
02650,Military Trail. @ Pan Am Dr.,43.7878560204119,-79.1908919809448,0.0,0.0,0.0,0.0
02647,Trafalgar Rd. @ Dundas St. E.,43.4877993708847,-79.7192931589981,,,,
02646,Niagara College,43.1524845920884,-79.166533938966,0.0,0.0,0.0,0.0
02645,Main St. @ Baker Hill Blvd.,43.9653991754335,-79.2742792341716,0.0,0.0,0.0,0.0
02644,Main St. @ Ringwood Dr.,43.9650310025184,-79.2749393391483,0.0,0.0,0.0,0.0
02637,Davis Dr. @ Superior St. (Newmarket GO),44.0594444,-79.4590073,0.0,0.0,0.0,0.0
02636,Winston Churchill Transitway Station,43.5417557,-79.7129898,1.0,0.0,1.0,0.0
02635,Winston Churchill Transitway Station,43.5419006,-79.7131805,1.0,0.0,1.0,0.0
02634,Davis Dr. @ Superior St. (Newmarket GO),44.0596123,-79.4592438,0.0,0.0,0.0,0.0
02633,Mountainview Rd. N. @ Maple Ave.,43.6563339,-79.9114151,,,,
02629,Gormley GO,43.9409103,-79.3985214,1.0,1.0,1.0,0.0
02628,Kingston Rd. @ Brock Rd.,43.8478546,-79.0743408,0.0,0.0,0.0,0.0
02627,Brock Rd. S. @ Gilmour Rd.,43.466629,-80.1415634,0.0,0.0,0.0,0.0
02626,Brock Rd. S. @ Gilmour Rd.,43.4668732,-80.1422806,0.0,0.0,0.0,0.0
02621,Ontario St. @ QEW (Beamsville) Park & Ride,43.1881676,-79.4759598,0.0,0.0,0.0,0.0
02620,McMaster Innovation Park,43.2564278,-79.9013138,0.0,0.0,0.0,0.0
02619,McMaster Innovation Park,43.2570114,-79.9015045,0.0,0.0,0.0,0.0
02617,Brantford Bus Terminal,43.1403084,-80.2649918,0.0,0.0,1.0,0.0
02616,Colborne St. E. @ Park Ave.,43.1390533,-80.2543106,0.0,0.0,0.0,0.0
02615,Dalhousie St. @ Park Ave.,43.1400795,-80.2549591,0.0,0.0,0.0,0.0
02614,Colborne St E. @ Kiwanis Way,43.1404762,-80.2400513,0.0,0.0,0.0,0.0
02613,Colborne St. E. @ Puleston St.,43.1405792,-80.2406311,0.0,0.0,0.0,0.0
02612,Wayne Gretzky Pkwy. @ Chatham St.,43.144886,-80.2353592,0.0,0.0,0.0,0.0
02611,Wayne Gretzky Pkwy. @ Chatham St.,43.1449928,-80.2356873,0.0,0.0,0.0,0.0
02610,Wayne Gretzky Pkwy. @ Elgin St.,43.1499977,-80.2378159,0.0,0.0,0.0,0.0
02609,Wayne Gretzky Pkwy. @ Elgin St.,43.1501236,-80.2375336,0.0,0.0,0.0,0.0
02608,Wayne Gretzky Pkwy. @ Henry St.,43.1544113,-80.2391205,0.0,0.0,0.0,0.0
02607,Wayne Gretzky Pwky. @ Henry St.,43.1545525,-80.2395554,0.0,0.0,0.0,0.0
02605,Hespeler Rd. @ Pinebush Rd.,43.4089508,-80.3281174,0.0,0.0,0.0,0.0
02598,Millcreek Dr. @ Aquitaine Ave.,43.5951157,-79.7525024,0.0,0.0,0.0,0.0
02597,6715 Millcreek Dr. @ Aquitaine Ave. (Millcreek Business Centre),43.5951004,-79.7512894,0.0,0.0,0.0,0.0
02596,Yonge St. @ Davis Dr. (Upper Canada Mall),44.0550804,-79.4807053,0.0,0.0,0.0,0.0
02595,Yonge St. @ Line 11,44.1623192,-79.5767288,0.0,0.0,0.0,0.0
02594,Yonge St. @ Line 11,44.16325,-79.5767746,0.0,0.0,0.0,0.0
02593,Yonge St. @ Line 13,44.1866646,-79.5825729,0.0,0.0,0.0,0.0
02592,Yonge St. @ Line 13,44.1873474,-79.5825195,0.0,0.0,0.0,0.0
02587,Dupont Meadow Pl. @ Mississauga Rd.,43.6081848,-79.7510834,,,,
02586,Financial Dr. @ Syntex Crt.,43.611037345833,-79.7488204602084,0.0,0.0,0.0,0.0
02580,Major Mackenzie Dr. E. @ Cedar Ave.,43.8734169,-79.4278793,0.0,0.0,0.0,0.0
02579,Major Mackenzie Dr. E. @ Cedar Ave.,43.8731232,-79.4284439,0.0,0.0,0.0,0.0
02577,Yonge St. @ 4th Line (Churchill Community Centre),44.2538338,-79.6016998,0.0,0.0,0.0,0.0
02576,Kingston Rd. @ Fairport Rd.,43.8238487,-79.1063309,0.0,0.0,0.0,0.0
02575,Markham Rd. @ Castlemore Ave.,43.9040985,-79.2667618,0.0,0.0,0.0,0.0
02574,Markham Rd. @ Castlemore Ave.,43.9044647,-79.2672577,0.0,0.0,0.0,0.0
02573,Victoria St. @ Thickson Rd. (Thickson Ridge Power Centre),43.8673973,-78.8993225,0.0,0.0,0.0,0.0
02572,Victoria St. @ Thickson Rd. (Thickson Ridge Power Centre),43.86726,-78.9002914,0.0,0.0,0.0,0.0
02571,Kingston Rd. @ Glenanna Rd.,43.8386154,-79.0863266,0.0,0.0,0.0,0.0
02567,Hurontario St. @ Old School Rd.,43.753563,-79.851234,0.0,0.0,0.0,0.0
02546,Hurontario St. @ Old School Rd.,43.753716,-79.851891,,,,
02545,Markham Rd. @ Edward Jeffreys Ave.,43.895947,-79.264854,0.0,0.0,0.0,0.0
02544,Markham Rd. @ Edward Jeffreys Ave.,43.896362,-79.265251,0.0,0.0,0.0,0.0
02543,Simcoe St. N. @ Parkwood Crt.,43.905807,-78.867111,0.0,0.0,0.0,0.0
02542,Simcoe St. N. @ Parkwood Crt.,43.905533,-78.867271,0.0,0.0,0.0,0.0
02541,Morningside Ave. @ Tams Rd.,43.791924,-79.195305,0.0,0.0,0.0,0.0
02540,Morningside Ave. @ Tams Rd.,43.792179,-79.19574,0.0,0.0,0.0,0.0
02539,Brock Rd. @ Hwy. 407 Park & Ride,43.912596,-79.097042,0.0,0.0,0.0,0.0
02538,Davis Dr. @ Hwy. 404 Park & Ride,44.0676956,-79.4215164,0.0,0.0,0.0,0.0
02537,Barrie St. @ Doctors Lane,44.115643,-79.565002,0.0,0.0,0.0,0.0
02535,Hwy. 50 @ Ebenezer Rd.,43.777973,-79.654884,0.0,0.0,0.0,0.0
02534,Hwy. 50 @ Ebenezer Rd.,43.779167,-79.655106,0.0,0.0,0.0,0.0
02533,Hwy. 50 @ Queen St. E.,43.768192,-79.648849,0.0,0.0,0.0,0.0
02532,King St. W. @ Scugog St.,43.9128571,-78.6923294,,,,
02531,Weber St. E. @ Queen St. N.,43.451828,-80.4870758,0.0,0.0,0.0,0.0
02530,Weber St. W. @ Queen St. N.,43.4519386,-80.4876175,0.0,0.0,0.0,0.0
02523,Queensville Sdrd. @ Hwy. 404 Park & Ride,44.1420212,-79.4405518,0.0,0.0,0.0,0.0
02522,Woodbine Ave. @ Hwy. 404 Park & Ride,44.1918488,-79.4372101,0.0,0.0,0.0,0.0
02521,Wellington St. E. @ Mary St.,44.0031967,-79.451149,0.0,0.0,0.0,0.0
02520,Wellington St. E. @ John West Way,44.0035057,-79.4506836,0.0,0.0,0.0,0.0
02519,Guelph Central GO Bus,43.544932,-80.246388,1.0,1.0,1.0,0.0
02518,MacDonell St. @ Carden St. (Guelph Central GO),43.5463142,-80.2452316,0.0,0.0,0.0,0.0
02513,Blind Line @ College Ave.,43.9221954,-80.1162033,0.0,0.0,0.0,0.0
02512,Blind Line @ Hansen Blvd.,43.9247589,-80.1168442,0.0,0.0,0.0,0.0
02508,Derry Rd. W. @ Ninth Line,43.574543,-79.78685,0.0,0.0,0.0,0.0
02505,Hwy. 35 @ Hwy. 115 Park & Ride,44.064003,-78.6258087,0.0,0.0,0.0,0.0
02504,Peterborough Rd. 10 @ Hwy. 115 Park & Ride,44.1872025,-78.4643936,0.0,0.0,0.0,0.0
02503,Crawford Dr. @ Harper Rd. Park & Ride,44.2678642,-78.3492737,0.0,0.0,0.0,0.0
02502,Peterborough Bus Terminal,44.3045998,-78.3224182,0.0,1.0,1.0,0.0
02501,Trent University,44.3569412,-78.2870331,0.0,0.0,0.0,0.0
02413,Georgetown GO Bus,43.6560287,-79.9186783,1.0,1.0,1.0,0.0
02412,Main St. S. @ Ridge Rd.,43.61085,-80.13266,0.0,0.0,0.0,0.0
02408,Niagara Falls Bus Terminal,43.1085358,-79.0636063,0.0,0.0,1.0,0.0
02406,Casablanca Blvd. @ QEW Park & Ride,43.2047997,-79.5964279,0.0,0.0,0.0,0.0
02405,Stanley Ave. @ Hwy. 420 Park & Ride,43.097245,-79.08507,0.0,0.0,0.0,0.0
02404,Stanley Ave. @ Hwy. 420 Park & Ride,43.097075,-79.084885,0.0,0.0,0.0,0.0
02402,St. Catharines Fairview Mall,43.178627,-79.2452545,0.0,0.0,0.0,0.0
02300,Union Station Bus Terminal,43.644042,-79.376939,0.0,1.0,1.0,1.0
02215,Erin Mills Transitway Station,43.552124,-79.7004547,0.0,0.0,1.0,0.0
02214,Erin Mills Transitway Station,43.5520363,-79.7003021,0.0,0.0,1.0,0.0
02209,Renforth Dr. @ Convair Dr.,43.6723671,-79.5936432,,,,
02208,Renforth Dr. @ Convair Dr.,43.6720657,-79.5930939,0.0,0.0,0.0,0.0
02205,Weber St. E. @ Montgomery Rd.,43.4387054,-80.4595566,0.0,0.0,0.0,0.0
02204,Weber St. E. @ Montgomery Rd.,43.4387245,-80.4601898,0.0,0.0,0.0,0.0
02202,Yonge St. @ Victoria St.,44.3249016,-79.6195755,0.0,0.0,0.0,0.0
02194,Main St. @ Westlawn Cres.,43.9685707,-79.2601318,0.0,0.0,0.0,0.0
02193,Main St. @ Weldon Rd.,43.9682426,-79.2604752,0.0,0.0,0.0,0.0
02192,Main St. @ Sandale Rd.,43.9662666,-79.2703018,0.0,0.0,0.0,0.0
02191,Main St. @ Sandiford Dr.,43.9659386,-79.2708511,0.0,0.0,0.0,0.0
02190,Hwy. 48 @ Hoover Park Dr.,43.9569321,-79.2795105,0.0,0.0,0.0,0.0
02189,Hwy. 48 @ Hoover Park Dr.,43.9565964,-79.2791214,,,,
02186,Kitchener GO Bus,43.455573,-80.492543,1.0,1.0,1.0,0.0
02185,Main St. W. @ Haddon Ave. S.,43.258091,-79.91185,0.0,0.0,0.0,0.0
02184,Sportsworld Dr. @ Hwy. 8 Park & Ride,43.4099274,-80.3925095,0.0,0.0,0.0,0.0
02177,Main St. @ Tenth Line,43.9745674,-79.2321472,0.0,0.0,0.0,0.0
02176,Keele St. @ Peak Point Blvd.,43.8872604,-79.5200119,,,,
02175,Keele St. @ Peak Point Blvd.,43.8868027,-79.5196609,0.0,0.0,0.0,0.0
02174,Williams Pkwy. @ Hwy. 410 Park & Ride,43.716468,-79.751376,0.0,0.0,0.0,0.0
02173,Keele St. @ Kirby Rd.,43.8918114,-79.5210342,0.0,0.0,0.0,0.0
02172,Keele St. @ Kirby Rd.,43.8916321,-79.5207977,0.0,0.0,0.0,0.0
02171,Tenth Line @ Sleepy Hollow Ln.,44.0002556,-79.2371979,,,,
02170,Tenth Line @ Sleepy Hollow Ln.,44.0000153,-79.2369232,,,,
02163,Trafalgar Rd. @ Hwy. 407 Park & Ride,43.506545,-79.745813,0.0,0.0,0.0,0.0
02162,Hwy. 2 @ Hwy. 35/115 Park & Ride,43.91301,-78.612533,0.0,0.0,0.0,0.0
02160,Bradford GO Bus,44.116654,-79.555752,1.0,1.0,1.0,0.0
02159,Keele St. @ Church St.,43.852829,-79.5120239,,,,
02158,Major Mackenzie Dr. W. @ Keele St.,43.8550568,-79.5116119,0.0,0.0,0.0,0.0
02157,Maple GO Bus,43.859853,-79.505926,1.0,1.0,1.0,0.0
02153,Wilfrid Laurier University,43.4752655,-80.5272827,0.0,0.0,0.0,0.0
02151,Regional Rd. 25 @ Hwy. 401 Park & Ride,43.5274849,-79.9038162,0.0,0.0,0.0,0.0
02150,Cambridge Smart Centre,43.4117165,-80.3236008,0.0,0.0,0.0,0.0
02148,Wilfrid Laurier University,43.4751816,-80.5279999,0.0,0.0,0.0,0.0
02145,Yonge St. @ London Rd.,44.0641289,-79.4824982,0.0,0.0,0.0,0.0
02144,YMCA Blvd. @ Kennedy Rd.,43.8535728,-79.3085709,0.0,0.0,0.0,0.0
02141,YMCA Blvd. @ Kennedy Rd.,43.8532639,-79.3093185,0.0,0.0,0.0,0.0
02139,Keele St. @ Barrhill Rd.,43.8502159,-79.5112076,0.0,0.0,0.0,0.0
02127,Yonge St. @ Clark Ave. E.,43.8069839,-79.4221497,0.0,0.0,0.0,0.0
02126,Main St. @ Stouffer St.,43.9733505,-79.2380981,0.0,0.0,0.0,0.0
02118,Yonge St. @ Mortonvale Dr.,44.1003456,-79.4911728,0.0,0.0,0.0,0.0
02117,Tenth Line @ Aintree Dr.,43.9778366,-79.2319031,,,,
02116,Queen St. N. @ Columbia Way,43.8915863,-79.754982,,,,
02113,Hwy. 48 @ 16th Ave.,43.8920631,-79.2641983,,,,
02112,Main St. N. @ 16th Ave.,43.8919067,-79.2639542,,,,
02111,Bullock Dr. @ Laidlaw Blvd.,43.8744316,-79.2800446,0.0,0.0,0.0,0.0
02110,Bullock Dr. @ Laidlaw Blvd.,43.874855,-79.2794647,0.0,0.0,0.0,0.0
02109,Bullock Dr. @ McCowan Rd.,43.8729172,-79.2848587,0.0,0.0,0.0,0.0
02108,Bullock Dr. @ McCowan Rd.,43.8728409,-79.2855911,0.0,0.0,0.0,0.0
02107,Upper Canada Mall,44.0579948,-79.4808884,,,,
02105,Yonge St. @ Green Ln. W. (Green Lane Centre),44.0712051,-79.4845886,0.0,0.0,0.0,0.0
02104,Yonge St. @ Green Ln. E. (Silver City),44.0705605,-79.4841385,0.0,0.0,0.0,0.0
02101,Yonge St. @ Spruce Ave.,43.8511429,-79.4323959,0.0,0.0,0.0,0.0
02100,Yonge St. @ Yongehurst Dr.,43.8627815,-79.4354706,0.0,0.0,0.0,0.0
02096,Yonge St. @ Weldrick Rd. W.,43.8605232,-79.4349365,0.0,0.0,0.0,0.0
02095,Yonge St. @ Weldrick Rd. E.,43.859993,-79.4343033,0.0,0.0,0.0,0.0
02092,Yonge St. @ Uplands Ave.,43.8269348,-79.4267807,0.0,0.0,0.0,0.0
02088,Yonge St. @ Thornhill Ave.,43.8253212,-79.4267273,0.0,0.0,0.0,0.0
02081,Yonge St. @ Scott Dr.,43.8467216,-79.4316711,0.0,0.0,0.0,0.0
02079,Yonge St. @ Royal Orchard Blvd.,43.8227158,-79.4257965,0.0,0.0,0.0,0.0
02078,Yonge St. @ Royal Orchard Blvd.,43.8223343,-79.426033,0.0,0.0,0.0,0.0
02072,Yonge St. @ Observatory Ln.,43.8581696,-79.4340744,0.0,0.0,0.0,0.0
02071,Yonge St. @ Oak Ave.,43.8500443,-79.4324112,0.0,0.0,0.0,0.0
02069,Yonge St. @ Northern Heights Dr.,43.849144,-79.4318695,0.0,0.0,0.0,0.0
02068,Yonge St. @ North St.,44.0976105,-79.4905701,0.0,0.0,0.0,0.0
02067,Yonge St. @ North St.,44.0978394,-79.4906998,,,,
02058,Yonge St. @ Meadowview Ave.,43.8020096,-79.4213104,0.0,0.0,0.0,0.0
02057,Yonge St. @ May Ave.,43.8640823,-79.4357605,0.0,0.0,0.0,0.0
02056,Yonge St. @ May Ave.,43.8639069,-79.435379,0.0,0.0,0.0,0.0
02052,Yonge St. @ Major Mackenzie Dr. E.,43.8708229,-79.4369049,0.0,0.0,0.0,0.0
02046,Yonge St. @ Kingston Rd.,44.0609932,-79.4816971,0.0,0.0,0.0,0.0
02043,Yonge St. @ John St.,43.8139114,-79.4238434,0.0,0.0,0.0,0.0
02035,Yonge St. @ Hopkins St.,43.8696709,-79.4370117,0.0,0.0,0.0,0.0
02033,Yonge St. @ High Tech Rd.,43.8415108,-79.4304962,0.0,0.0,0.0,0.0
02032,Yonge St. @ High Tech Rd.,43.8413315,-79.4300156,0.0,0.0,0.0,0.0
02029,Yonge St. @ Harding Blvd. W.,43.8667831,-79.4363785,0.0,0.0,0.0,0.0
02028,Yonge St. @ Harding Blvd.,43.8663788,-79.4359741,0.0,0.0,0.0,0.0
02027,Yonge St. @ Green Ln. E.,44.0726738,-79.4845963,0.0,0.0,0.0,0.0
02024,Yonge St. @ Glen Cameron Rd.,43.8051033,-79.4217148,0.0,0.0,0.0,0.0
02023,Yonge St. @ Glen Cameron Rd.,43.8057404,-79.4222031,0.0,0.0,0.0,0.0
02021,Yonge St. @ Garden Ave.,43.8384552,-79.4297791,0.0,0.0,0.0,0.0
02019,Yonge St. @ Elmwood Ave.,43.8692818,-79.4366684,0.0,0.0,0.0,0.0
02018,Yonge St. @ Elgin St.,43.810688,-79.4231033,0.0,0.0,0.0,0.0
02015,Yonge St. @ Edgar Ave.,43.8484573,-79.4321365,0.0,0.0,0.0,0.0
02012,Yonge St. @ Doncaster Ave.,43.8016968,-79.4208908,0.0,0.0,0.0,0.0
02010,Yonge St. @ Dawson Manor Blvd.,44.0614586,-79.4821243,0.0,0.0,0.0,0.0
02004,Yonge St. @ Clark Ave. W.,43.807312,-79.4226227,0.0,0.0,0.0,0.0
02003,Yonge St. @ Clarissa Dr.,43.8620453,-79.4350204,0.0,0.0,0.0,0.0
01998,Yonge St. @ Centre St.,43.8164711,-79.4247208,0.0,0.0,0.0,0.0
01997,Yonge St. @ Bunker Rd.,43.8288956,-79.4272919,0.0,0.0,0.0,0.0
01996,Yonge St. @ Bunker Rd.,43.8289528,-79.4275894,0.0,0.0,0.0,0.0
01994,Yonge St. @ Bristol Rd.,44.0678329,-79.4833374,0.0,0.0,0.0,0.0
01993,Yonge St. @ Bonshaw Ave.,44.0646324,-79.4830322,0.0,0.0,0.0,0.0
01988,Yonge St. @ Beresford Dr.,43.8440056,-79.430687,0.0,0.0,0.0,0.0
01987,Yonge St. @ Bay Thorn Dr.,43.8248672,-79.4262924,0.0,0.0,0.0,0.0
01986,Yonge St. @ Bantry Ave.,43.846859,-79.4313583,0.0,0.0,0.0,0.0
01985,Yonge St. @ Baif Blvd. (Hillcrest Mall),43.8587418,-79.4345093,0.0,0.0,0.0,0.0
01982,Yonge St. @ Aspenwood Dr.,44.0681725,-79.4838028,0.0,0.0,0.0,0.0
01979,Yonge St. @ Carrville Rd.,43.8532715,-79.4332428,0.0,0.0,0.0,0.0
01974,Toll Rd. @ Oriole Dr.,44.1052742,-79.5132294,0.0,0.0,0.0,0.0
01973,Toll Rd. @ Oriole Dr.,44.1051941,-79.5132675,0.0,0.0,0.0,0.0
01972,Toll Rd. @ Centennial Ave.,44.103157,-79.5050201,0.0,0.0,0.0,0.0
01971,Toll Rd. @ Centennial Ave.,44.1031227,-79.505188,,,,
01970,Toll Rd. @ Bradford St.,44.1004219,-79.4975357,0.0,0.0,0.0,0.0
01969,Toll Rd. @ Bradford St.,44.1004066,-79.4977875,0.0,0.0,0.0,0.0
01926,Main St. @ Stouffer St.,43.9731178,-79.2386246,0.0,0.0,0.0,0.0
01925,Main St. @ Market St.,43.9712067,-79.2472229,0.0,0.0,0.0,0.0
01924,Main St. @ Church St. N.,43.9717598,-79.2452011,0.0,0.0,0.0,0.0
01905,Langstaff Rd. E. @ Bayview Ave.,43.8346367,-79.4062042,0.0,0.0,0.0,0.0
01888,Keele St. @ Teston Rd.,43.8732071,-79.5163879,0.0,0.0,0.0,0.0
01887,Keele St. @ Teston Rd.,43.8736916,-79.5169067,0.0,0.0,0.0,0.0
01878,Keele St. @ Drummond Dr.,43.8680077,-79.5155106,0.0,0.0,0.0,0.0
01877,Keele St. @ Drummond Dr.,43.8673172,-79.5149994,0.0,0.0,0.0,0.0
01861,Hwy. 7 @ Swansea Rd.,43.8641014,-79.2980042,0.0,0.0,0.0,0.0
01860,Hwy. 7 @ Swansea Rd.,43.8637314,-79.2985458,0.0,0.0,0.0,0.0
01825,Yonge St. @ Old Yonge St.,44.082943,-79.4870758,0.0,0.0,0.0,0.0
01807,Bullock Dr. @ Hwy. 7,43.8656082,-79.2921219,0.0,0.0,0.0,0.0
01806,Bullock Dr. @ Hwy. 7,43.8661575,-79.2920685,,,,
01805,Bradford St. @ Yonge St.,44.101223,-79.4919434,0.0,0.0,0.0,0.0
01804,Bradford St. @ Olive St.,44.1012955,-79.49263,0.0,0.0,0.0,0.0
01803,Bayview Ave. @ Langstaff Rd. E.,43.8349037,-79.4053802,0.0,0.0,0.0,0.0
01802,Tenth Line @ Aintree Dr.,43.978157,-79.2320175,0.0,0.0,0.0,0.0
01801,Wellington St. E. @ Stronach Blvd.,44.0072441,-79.4335251,0.0,0.0,0.0,0.0
01800,Wellington St. E. @ Mavrinac Blvd.,44.0076904,-79.4332504,0.0,0.0,0.0,0.0
01731,Toronto St. S. @ Mill St.,44.1039429,-79.1250305,0.0,0.0,0.0,0.0
01729,Trafalgar Rd. @ Leighland Ave.,43.4647789,-79.6880264,0.0,0.0,0.0,0.0
01728,Trafalgar Rd. @ Rosegate Way,43.4822998,-79.7117538,0.0,0.0,0.0,0.0
01727,Trafalgar Rd. @ White Oaks Blvd.,43.4666862,-79.6899948,0.0,0.0,0.0,0.0
01719,Brock Rd. S. @ Old Brock Rd.,43.4719391,-80.1498718,0.0,0.0,0.0,0.0
01718,Brock Rd. S. @ Maple Leaf Ln.,43.4715347,-80.1500168,0.0,0.0,0.0,0.0
01716,Gordon St. @ Clairfields Dr. W.,43.5049019,-80.1943359,0.0,0.0,0.0,0.0
01715,Gordon St. @ Arkell Rd.,43.5140228,-80.199501,0.0,0.0,0.0,0.0
01714,Gordon St. @ Arkell Rd.,43.5137901,-80.1998749,0.0,0.0,0.0,0.0
01713,Gordon St. @ Edinburgh Rd. S.,43.5166702,-80.2031174,0.0,0.0,0.0,0.0
01712,Gordon St. @ Edinburgh Rd. S.,43.5163383,-80.2033386,0.0,0.0,0.0,0.0
01711,Gordon St. @ Kortright Rd. E.,43.5224457,-80.2131119,0.0,0.0,0.0,0.0
01708,Gordon St. @ Stone Rd.,43.5271797,-80.2259216,0.0,0.0,0.0,0.0
01707,785 York Rd. @ Cityview Dr.,43.5588226,-80.2142868,0.0,0.0,0.0,0.0
01706,Elizabeth St. @ Victoria Rd. S.,43.5553131,-80.2293396,0.0,0.0,0.0,0.0
01704,Elizabeth St. @ Stevenson St. S.,43.5527267,-80.23526,0.0,0.0,0.0,0.0
01703,Elizabeth St. @ Stevenson St. S.,43.5534325,-80.2346191,0.0,0.0,0.0,0.0
01702,Elizabeth St. @ Beaumont Cr.,43.5560417,-80.2197418,0.0,0.0,0.0,0.0
01701,Elizabeth St. @ Beaumont Cr.,43.5557289,-80.2199249,0.0,0.0,0.0,0.0
01661,Yonge St. @ Finch Ave.,43.7804375,-79.4156036,0.0,0.0,0.0,0.0
01660,Yonge St. @ Empress Ave.,43.7691803,-79.4126587,0.0,0.0,0.0,0.0
01659,Toronto St. S. @ Banff Rd.,44.0937347,-79.1310883,0.0,0.0,0.0,0.0
01658,Toronto St. S. @ Banff Rd.,44.0940247,-79.1305542,0.0,0.0,0.0,0.0
01657,Yonge St. @ William Carson Cr.,43.7471085,-79.4072647,0.0,0.0,0.0,0.0
01655,Yonge St. @ Norton Ave.,43.7721901,-79.4134216,0.0,0.0,0.0,0.0
01654,Yonge St. @ Ellerslie Ave.,43.7724152,-79.4139328,0.0,0.0,0.0,0.0
01653,Yonge St. @ Elmwood Ave.,43.7664719,-79.4120407,0.0,0.0,0.0,0.0
01652,Yonge St. @ Madawaska Ave.,43.7941246,-79.4189682,0.0,0.0,0.0,0.0
01651,Yonge St. @ Kempford Blvd.,43.777153,-79.4150925,0.0,0.0,0.0,0.0
01650,Yonge St. @ Northtown Way,43.7753067,-79.4142609,0.0,0.0,0.0,0.0
01648,Yonge St. @ Glendora Ave.,43.7586899,-79.4100418,,,,
01647,Yonge St. @ Florence Ave.,43.7582703,-79.4102325,0.0,0.0,0.0,0.0
01646,Yonge St. @ Drewry Ave.,43.7871094,-79.4175034,0.0,0.0,0.0,0.0
01645,Yonge St. @ Cummer Ave.,43.7875671,-79.4172745,0.0,0.0,0.0,0.0
01644,Yonge St. @ Churchill Ave.,43.7741737,-79.4143219,0.0,0.0,0.0,0.0
01546,Yonge St. @ Big Bay Point Rd.,44.3565178,-79.6470184,0.0,0.0,0.0,0.0
01544,Wellington St. E. @ First Commerce Dr.,44.0118065,-79.4146194,0.0,0.0,0.0,0.0
01543,Wellington St. E. @ First Commerce Dr.,44.0122299,-79.4139557,0.0,0.0,0.0,0.0
01538,Yonge St. @ Glenn Ave.,44.3280373,-79.6202011,0.0,0.0,0.0,0.0
01537,Yonge St. @ Meadowland St.,44.2575531,-79.6023865,,,,
01536,Yonge St. @ Madelaine Dr.,44.3546944,-79.641861,0.0,0.0,0.0,0.0
01535,Yonge St. @ Lynn St.,44.3294563,-79.6208115,0.0,0.0,0.0,0.0
01534,Yonge St. @ Lynn St.,44.3300591,-79.6207199,0.0,0.0,0.0,0.0
01532,Yonge St. @ Little Ave.,44.3664589,-79.6624603,0.0,0.0,0.0,0.0
01531,Yonge St. @ Innisfil Beach Rd.,44.2993431,-79.6134796,,,,
01528,Yonge St. @ Esther Dr.,44.3528137,-79.6365738,0.0,0.0,0.0,0.0
01527,Yonge St. @ Esther Dr.,44.3527412,-79.6358337,0.0,0.0,0.0,0.0
01526,Yonge St. @ Country Ln.,44.3517113,-79.6335144,0.0,0.0,0.0,0.0
01525,Yonge St. @ Country Ln.,44.3516769,-79.6328354,0.0,0.0,0.0,0.0
01524,Yonge St. @ Big Bay Point Rd.,44.356678,-79.6467361,0.0,0.0,0.0,0.0
01522,Yonge St. @ Innisfil Beach Rd.,44.2995491,-79.6132584,0.0,0.0,0.0,0.0
01521,Yonge St. @ Ashford Dr.,44.3546104,-79.6410599,0.0,0.0,0.0,0.0
01516,Hwy. 11 @ Meadowland St.,44.2579079,-79.6026535,,,,
01515,Holland St. E. @ Colborne St.,44.1152649,-79.5600662,0.0,0.0,0.0,0.0
01514,Holland St. E. @ Colborne St.,44.115345,-79.5606918,0.0,0.0,0.0,0.0
01508,Burton Ave. @ Bayview Dr.,44.3711433,-79.6843719,0.0,0.0,0.0,0.0
01507,Barrie St. @ Fletcher St.,44.1208191,-79.5665207,0.0,0.0,0.0,0.0
01506,Barrie St. @ Britannia Ave.,44.1205559,-79.5662613,0.0,0.0,0.0,0.0
01505,Barrie St. @ 8th Line,44.1266556,-79.5680771,0.0,0.0,0.0,0.0
01504,Barrie St. @ 8th Line,44.1262932,-79.5678711,0.0,0.0,0.0,0.0
01488,Hurontario St. @ Travelled Rd.,43.8550072,-79.9889755,0.0,0.0,0.0,0.0
01487,Hurontario St. @ Travelled Rd.,43.8551598,-79.9887848,0.0,0.0,0.0,0.0
01483,Winston Churchill Blvd. @ Vanderbilt Rd.,43.5848999,-79.7667999,0.0,0.0,0.0,0.0
01482,Winston Churchill Blvd. @ Derry Rd. W.,43.5865669,-79.7686844,0.0,0.0,0.0,0.0
01481,Derry Rd. W. @ Winston Churchill Blvd.,43.5877228,-79.7712631,0.0,0.0,0.0,0.0
01462,Main St. N. @ Bovaird Dr. W.,43.7049713,-79.7861862,0.0,0.0,0.0,0.0
01459,Steeles Ave. E. @ First Gulf Blvd.,43.6811714,-79.7163315,0.0,0.0,0.0,0.0
01455,Erin Mills Pkwy. @ Vista Blvd.,43.5736008,-79.7274475,0.0,0.0,0.0,0.0
01454,Main St. N. @ Williams Pkwy.,43.6986389,-79.7768326,0.0,0.0,0.0,0.0
01452,Hurontario St. @ Sandalwood Pkwy. E.,43.7181053,-79.8032684,0.0,0.0,0.0,0.0
01448,Mayfield Rd. @ Hwy. 50 Park & Ride,43.8466263,-79.6971207,0.0,0.0,0.0,0.0
01447,Erin Mills Pkwy. @ Banfield Rd.,43.567482,-79.7188568,0.0,0.0,0.0,0.0
01446,Erin Mills Pkwy. @ McFarren Blvd.,43.5677757,-79.7184906,0.0,0.0,0.0,0.0
01445,Eglinton Ave. W. @ Summersky Crt.,43.5625381,-79.7030792,0.0,0.0,0.0,0.0
01444,Eglinton Ave. W. @ Credit Valley Rd.,43.5619164,-79.7030182,0.0,0.0,0.0,0.0
01441,Trafalgar Rd. @ Burnhamthorpe Rd.,43.5017662,-79.7387924,,,,
01440,Mississauga Rd. @ Royal Bank Dr.,43.6087875,-79.7501144,0.0,0.0,0.0,0.0
01439,Mississauga Rd. @ Argentia Rd.,43.6013832,-79.7402344,0.0,0.0,0.0,0.0
01438,Mississauga Rd. @ Dupont Meadow Place,43.6087685,-79.7508469,0.0,0.0,0.0,0.0
01436,Streetsville GO Station Parking Lot,43.5774536,-79.7130508,0.0,0.0,1.0,0.0
01435,Trafalgar Rd. @ Burnhamthorpe Rd.,43.5013275,-79.7375031,,,,
01426,Main St. N. @ Vodden St. W.,43.6926956,-79.7692566,0.0,0.0,0.0,0.0
01410,Regional Rd. 50 @ Cross Country Blvd.,43.8875618,-79.7492142,,,,
01409,Regional Rd. 50 @ Bolton Heights Dr.,43.8874474,-79.7487717,,,,
01408,Regional Rd. 50 @ Queensgate Blvd.,43.8690186,-79.7237167,,,,
01407,Regional Rd. 50 @ Queensgate Blvd.,43.8689957,-79.7231979,0.0,0.0,0.0,0.0
01406,Hwy. 50 @ McEwan Dr.,43.8615036,-79.7133408,,,,
01405,Hwy. 50 @ McEwan Dr.,43.8615341,-79.7127533,0.0,0.0,0.0,0.0
01404,Regional Rd. 50 @ George Bolton Pkwy.,43.8573799,-79.707756,,,,
01403,Regional Rd. 50 @ George Bolton Pkwy.,43.8573532,-79.7071075,,,,
01402,Regional Rd. 50 @ Countryside Dr.,43.8368378,-79.6890564,,,,
01398,Hwy. 50 @ Cottrelle Blvd.,43.78421,-79.65847,0.0,0.0,0.0,0.0
01394,Albion Rd. @ Steeles Ave. W.,43.7499313,-79.639595,,,,
01393,Albion Rd. @ Steeles Ave. W.,43.7503242,-79.6393509,,,,
01384,Thomas St. @ Erin Mills Pkwy.,43.5701637,-79.722023,0.0,0.0,0.0,0.0
01374,Steeles Ave. E. @ Kennedy Rd. S.,43.6751747,-79.7234573,0.0,0.0,0.0,0.0
01373,Steeles Ave. E. @ Kennedy Rd. S.,43.6759148,-79.7218475,0.0,0.0,0.0,0.0
01363,Rathburn Rd. W. @ Elora Dr.,43.5863609,-79.6529465,0.0,0.0,0.0,0.0
01362,Rathburn Rd. W. @ Mavis Rd.,43.5833244,-79.6550674,0.0,0.0,0.0,0.0
01360,Rathburn Rd. W. @ Elora Dr.,43.5850639,-79.6535568,,,,
01359,Rathburn Rd. W. @ Elora Dr.,43.5884743,-79.6525726,0.0,0.0,0.0,0.0
01358,Rathburn Rd. W. @ Elora Dr.,43.5875092,-79.6525726,0.0,0.0,0.0,0.0
01357,Rathburn Rd. W. @ Elora Dr.,43.5843239,-79.6536331,0.0,0.0,0.0,0.0
01356,Rathburn Rd. W. @ Creditview Rd.,43.569828,-79.6690521,0.0,0.0,0.0,0.0
01346,Queen St. S. @ Shore St.,43.8749657,-79.7319031,,,,
01335,Queen St. S. @ Downey Dr.,43.8749619,-79.7316437,,,,
01327,Millcreek Dr. @ Millrace Crt.,43.5925064,-79.7460556,0.0,0.0,0.0,0.0
01326,Millcreek Dr. @ Millrace Crt.,43.5927086,-79.7469559,0.0,0.0,0.0,0.0
01325,Millcreek Dr. @ Erin Mills Pkwy.,43.5904884,-79.7418976,0.0,0.0,0.0,0.0
01321,Main St. N. @ Vodden St. E.,43.6925087,-79.7685547,0.0,0.0,0.0,0.0
01317,Main St. S. @ Nanwood Dr.,43.6763763,-79.7472763,0.0,0.0,0.0,0.0
01313,Main St. S. @ Wellington St. E.,43.6844635,-79.7582321,0.0,0.0,0.0,0.0
01311,Wellington St. W. @ George St. S.,43.6841316,-79.7590332,0.0,0.0,0.0,0.0
01308,Main St. S. @ Elgin Dr.,43.6736908,-79.743866,,,,
01307,Main St. S. @ Elgin Dr.,43.6734314,-79.7431564,0.0,0.0,0.0,0.0
01306,Main St. S. @ Clarence St.,43.6800728,-79.752037,,,,
01294,Hwy. 10 @ Dufferin Rd.,43.9159317,-80.0721436,,,,
01292,Hurontario St. @ Travelled Rd.,43.8571777,-79.9916916,0.0,0.0,0.0,0.0
01291,Hurontario St. @ Terry St.,43.8870239,-80.0324097,0.0,0.0,0.0,0.0
01290,Hurontario St. @ Terry St.,43.8870316,-80.0319824,0.0,0.0,0.0,0.0
01289,Hurontario St. @ Olde Baseline Rd.,43.8008842,-79.9158249,,,,
01288,Hurontario St. @ Olde Baseline Rd.,43.8009415,-79.9153137,0.0,0.0,0.0,0.0
01286,Hurontario St. @ Mistywood Dr.,43.8640289,-80.0011749,,,,
01285,Hurontario St. @ McCannell Ave.,43.9154625,-80.0709457,0.0,0.0,0.0,0.0
01284,Hurontario St. @ Forks of The Credit Rd.,43.8327255,-79.9588242,,,,
01283,Hurontario St. @ Forks of The Credit Rd.,43.8325996,-79.9580383,,,,
01282,Hurontario St. @ Chester Dr.,43.8635445,-80.0002823,0.0,0.0,0.0,0.0
01281,Hurontario St. @ Boston Mills Rd.,43.7933197,-79.905365,0.0,0.0,0.0,0.0
01280,Hurontario St. @ Boston Mills Rd.,43.7932968,-79.9048004,,,,
01279,Hwy. 10 @ 4th Ave.,43.9273758,-80.0888596,,,,
01276,Hurontario St. @ Wanless Dr.,43.7261734,-79.8145447,,,,
01271,Hurontario St. @ Sandalwood Pkwy. W.,43.7173424,-79.8027267,0.0,0.0,0.0,0.0
01261,Hurontario St. @ Conservation Dr.,43.7256508,-79.8135529,0.0,0.0,0.0,0.0
01258,Hurontario St. @ Bovaird Dr. W.,43.70655,-79.78753,0.0,0.0,0.0,0.0
01256,Hansen Blvd. @ Scott Dr.,43.9273224,-80.113327,,,,
01255,Hansen Blvd. @ Michael Dr.,43.9295616,-80.1105499,,,,
01249,Finch Ave. @ Kenview Blvd. (Wild Water Kingdom),43.7398796,-79.6431732,,,,
01248,Finch Ave. @ Kenview Blvd.,43.7401047,-79.6440582,,,,
01247,Erin Mills Pkwy. @ Erin Centre Blvd.,43.5623436,-79.7118835,0.0,0.0,0.0,0.0
01246,Mississauga Rd. @ Argentia Rd.,43.6003456,-79.7399902,0.0,0.0,0.0,0.0
01245,Erin Mills Pkwy. @ Windwood Dr.,43.5805435,-79.7364044,0.0,0.0,0.0,0.0
01244,Erin Mills Pkwy. @ Wickham Rd.,43.5729256,-79.7273483,0.0,0.0,0.0,0.0
01243,Erin Mills Pkwy. @ Millcreek Dr.,43.5906754,-79.7408752,0.0,0.0,0.0,0.0
01242,Erin Mills Pkwy. @ Millcreek Dr.,43.5896568,-79.7415771,0.0,0.0,0.0,0.0
01240,Erin Mills Pkwy. @ Erin Centre Blvd.,43.5623245,-79.7112045,0.0,0.0,0.0,0.0
01237,Erin Mills Pkwy. @ Britannia Rd. W.,43.5787163,-79.7339401,0.0,0.0,0.0,0.0
01236,Erin Mills Pkwy. @ Battleford Rd.,43.5849304,-79.742157,0.0,0.0,0.0,0.0
01235,Eglinton Ave. W. @ Mississauga Rd.,43.5688934,-79.6957703,0.0,0.0,0.0,0.0
01234,Eglinton Ave. W. @ Mississauga Rd.,43.5683022,-79.695961,0.0,0.0,0.0,0.0
01204,Derry Rd. W. @ Terragar Blvd.,43.5817947,-79.7787247,0.0,0.0,0.0,0.0
01203,Derry Rd. W. @ Tenth Line W.,43.5840569,-79.7763901,0.0,0.0,0.0,0.0
01202,Derry Rd. W. @ Tenth Line W.,43.5840263,-79.7760086,0.0,0.0,0.0,0.0
01200,Derry Rd. W. @ Rosehurst Dr.,43.576725,-79.7844009,0.0,0.0,0.0,0.0
01198,Derry Rd. W. @ Lisgar Dr.,43.5767136,-79.7842407,0.0,0.0,0.0,0.0
01197,Derry Rd. W. @ Forest Park Dr.,43.5812836,-79.7789993,0.0,0.0,0.0,0.0
01196,Derry Rd. W. @ Danton Promenade,43.5863571,-79.7735062,0.0,0.0,0.0,0.0
01195,Derry Rd. W. @ Danton Promenade,43.5858917,-79.7736511,0.0,0.0,0.0,0.0
01193,Derry Rd. W. @ Ninth Line,43.5746651,-79.7863235,0.0,0.0,0.0,0.0
01192,Creditview Rd. @ Rathkeale Rd.,43.5761566,-79.6826859,0.0,0.0,0.0,0.0
01191,Creditview Rd. @ Eglinton Ave.,43.577282,-79.6845093,0.0,0.0,0.0,0.0
01185,Clark Blvd. @ Kings Cross Rd.,43.7183762,-79.7130508,0.0,0.0,0.0,0.0
01184,Clark Blvd. @ Kings Cross Rd.,43.7190437,-79.7124939,0.0,0.0,0.0,0.0
01177,Broadway @ Wellington St.,43.9202347,-80.0920944,0.0,0.0,0.0,0.0
01176,Broadway @ Townline,43.9213676,-80.0873718,0.0,0.0,0.0,0.0
01174,Broadway @ John St.,43.9187775,-80.0992432,0.0,0.0,0.0,0.0
01173,Broadway @ Dawson Rd.,43.9168129,-80.1082001,0.0,0.0,0.0,0.0
01172,Broadway @ Centre St.,43.9175949,-80.1044159,,,,
01171,Broadway @ Banting Dr.,43.9158554,-80.1123886,0.0,0.0,0.0,0.0
01170,Broadway @ 4th St.,43.9208946,-80.0893478,0.0,0.0,0.0,0.0
01165,Bramalea Rd. @ Dearbourne Blvd.,43.7092781,-79.6968994,0.0,0.0,0.0,0.0
01161,Bramalea Rd. @ Balmoral Dr.,43.7152138,-79.7049255,0.0,0.0,0.0,0.0
01160,Bramalea Rd. @ Avondale Blvd.,43.7094116,-79.6974106,0.0,0.0,0.0,0.0
01153,Bovaird Dr. W. @ Worthington Ave.,43.6813278,-79.8141403,0.0,0.0,0.0,0.0
01150,Bovaird Dr. W. @ McLaughlin Rd. N.,43.6961441,-79.7971039,0.0,0.0,0.0,0.0
01143,Blind Line @ St. Andrews Dr.,43.919075,-80.1154175,,,,
01140,Blind Line @ Banting Dr.,43.9170532,-80.114975,,,,
01139,Aquitaine Ave. @ Millcreek Dr.,43.5927467,-79.756218,0.0,0.0,0.0,0.0
01138,Aquitaine Ave. @ Millcreek Dr.,43.5933189,-79.7559357,0.0,0.0,0.0,0.0
01137,Aquitaine Ave. @ Montevideo Rd.,43.5907898,-79.7561111,0.0,0.0,0.0,0.0
01136,Aquitaine Ave. @ Montevideo Rd.,43.5898781,-79.7560043,0.0,0.0,0.0,0.0
01135,Aquitaine Ave. @ Glen Erin Dr.,43.5866318,-79.7586594,0.0,0.0,0.0,0.0
01134,Aquitaine Ave. @ Glen Erin Dr.,43.5867882,-79.7581024,0.0,0.0,0.0,0.0
01024,Thompson Rd. S. @ Derry Rd. W.,43.517498,-79.8523712,0.0,0.0,0.0,0.0
01017,Derry Rd. @ Thompson Rd. S.,43.5167885,-79.8501892,0.0,0.0,0.0,0.0
01016,Derry Rd. @ Thompson Rd. S.,43.516552,-79.8508148,0.0,0.0,0.0,0.0
01014,Main St. W. @ Summers Ln. (Hamilton City Hall),43.2560577,-79.8728027,0.0,0.0,0.0,0.0
01013,Main St. W. @ Poulette St.,43.2591286,-79.8864059,,,,
01012,Main St. W. @ Ray St. S.,43.257885,-79.8809128,0.0,0.0,0.0,0.0
01011,Main St. W. @ Pearl St. S.,43.2583809,-79.8828964,,,,
01010,Main St. W. @ Paisley Ave. S.,43.2584991,-79.9061661,0.0,0.0,0.0,0.0
01009,Main St. W. @ Macklin St. S.,43.2599144,-79.8979721,0.0,0.0,0.0,0.0
01008,Main St. W. @ Dundurn St. S.,43.2598228,-79.8895493,0.0,0.0,0.0,0.0
01007,Main St. W. @ Caroline St. S.,43.2570419,-79.8766251,,,,
01006,King St. W. @ Summers Ln. (Hamilton Place),43.2576485,-79.8717346,0.0,0.0,0.0,0.0
01005,King St. W. @ Strathcona Ave. N.,43.2614555,-79.8850708,0.0,0.0,0.0,0.0
01004,King St. W. @ Pearl St. N.,43.2602654,-79.8814011,0.0,0.0,0.0,0.0
01002,King St. E. @ Hughson St. N.,43.2562103,-79.8672409,0.0,0.0,0.0,0.0
01001,King St. W. @ Caroline St. N.,43.258461,-79.8752441,,,,
00992,Hurontario St. @ Sir Lou Dr.,43.6612053,-79.7271576,0.0,0.0,0.0,0.0
00991,Hurontario St. @ Ray Lawson Blvd.,43.658577,-79.7236023,0.0,0.0,0.0,0.0
00990,Hurontario St. @ County Court Blvd.,43.6589584,-79.7234879,0.0,0.0,0.0,0.0
00989,Hurontario St. @ County Court Blvd.,43.6621399,-79.7277679,0.0,0.0,0.0,0.0
00978,Yonge St. @ County Rd. 89,44.2153625,-79.5903854,0.0,0.0,0.0,0.0
00977,Yonge St. @ Shore Acres Dr.,44.2156067,-79.5902023,0.0,0.0,0.0,0.0
00975,Guelph St. @ Maple Ave.,43.6509438,-79.9177551,0.0,0.0,0.0,0.0
00974,Tenth Line @ Forsyth Farm Dr.,43.9830933,-79.233284,,,,
00973,Tenth Line @ Forsyth Farm Dr.,43.9838295,-79.2332001,,,,
00972,Kingston Rd. @ Walnut Ln.,43.8309517,-79.0968323,0.0,0.0,0.0,0.0
00971,Kingston Rd. @ Walnut Ln.,43.8308105,-79.0965042,0.0,0.0,0.0,0.0
00969,Hwy. 50 @ Trade Valley Dr.,43.7921371,-79.6624756,0.0,0.0,0.0,0.0
00968,Hwy. 50 @ Bellchase Trail,43.7921333,-79.6630402,0.0,0.0,0.0,0.0
00965,Tenth Line @ Norm Faulkner Dr.,43.9801979,-79.2322922,,,,
00964,Tenth Line @ Hemlock Dr.,43.9804611,-79.2326508,0.0,0.0,0.0,0.0
00963,Regional Rd. 50 @ Rutherford Rd.,43.8034859,-79.6692581,0.0,0.0,0.0,0.0
00962,Hwy. 50 @ Langstaff Rd.,43.78563,-79.65879,0.0,0.0,0.0,0.0
00960,Main St. S. @ Dunbar St.,43.6094551,-80.1306839,0.0,0.0,0.0,0.0
00959,10953 Hwy. 48 @ Elgin Mills Rd. E.,43.9326401,-79.2737274,,,,
00958,10953 Hwy. 48 @ Elgin Mills Rd. E.,43.9325027,-79.273407,,,,
00949,Brant St. @ Churchill Ave.,43.3397484,-79.8196716,0.0,0.0,0.0,0.0
00948,Durham Rd. 57 @ Waverley Rd.,43.9002495,-78.6930161,,,,
00947,Durham Rd. 57 @ Bowmanville Ave.,43.9004822,-78.6928482,,,,
00946,Martin Rd. @ Aspen Springs Dr.,43.9068298,-78.7001495,,,,
00945,Martin Rd. @ Aspen Springs Dr.,43.9070091,-78.7005005,0.0,0.0,0.0,0.0
00942,Bovaird Dr. W. @ Lake Louise Dr.,43.6811218,-79.8139801,0.0,0.0,0.0,0.0
00939,Sheridan College,43.4698067,-79.6977158,0.0,0.0,0.0,0.0
00938,King St. W. @ Temperance St.,43.9121895,-78.6885605,0.0,0.0,0.0,0.0
00932,Drew Centre @ Thompson Rd. S.,43.5256195,-79.8648529,0.0,0.0,0.0,0.0
00931,Derry Rd. @ Armstrong Blvd.,43.5208778,-79.8457336,0.0,0.0,0.0,0.0
00930,Queen St. @ Tanners Dr.,43.6406593,-80.0248184,0.0,0.0,0.0,0.0
00929,Queen St. @ Tanners Dr.,43.6400948,-80.0251007,0.0,0.0,0.0,0.0
00926,Hwy. 7 @ Banting Rd.,43.6510315,-79.9445801,,,,
00924,Guelph St. @ Mountainview Rd. N.,43.650371,-79.903139,,,,
00913,Young St. @ Peel St.,43.6342812,-80.0327072,0.0,0.0,0.0,0.0
00912,Waterdown Rd. @ Masonry Crt.,43.3087234,-79.8554382,0.0,0.0,0.0,0.0
00911,Waterdown Rd. @ Masonry Crt.,43.3084755,-79.8549042,0.0,0.0,0.0,0.0
00902,Trafalgar Rd. @ Iroquois Shore Rd.,43.4648666,-79.6877365,,,,
00896,Thompson Rd. S. @ McCuaig Dr.,43.5222435,-79.8590088,0.0,0.0,0.0,0.0
00895,Thompson Rd. S. @ McCuaig Dr.,43.5221252,-79.8587494,0.0,0.0,0.0,0.0
00894,Thompson Rd. S. @ Laurier Ave.,43.5199051,-79.8556519,0.0,0.0,0.0,0.0
00893,Thompson Rd. S. @ Laurier Ave.,43.52007,-79.85619,0.0,0.0,0.0,0.0
00892,Thompson Rd. S. @ Childs Dr.,43.5239563,-79.8612061,0.0,0.0,0.0,0.0
00891,Thompson Rd. S. @ Childs Dr.,43.5241127,-79.8615265,0.0,0.0,0.0,0.0
00890,Queen St. @ Longfield Rd.,43.6351967,-80.0305176,0.0,0.0,0.0,0.0
00889,Queen St. @ Churchill Rd. N.,43.6374321,-80.0283279,0.0,0.0,0.0,0.0
00888,Queen St. @ Churchill Rd. S.,43.6370354,-80.0284729,0.0,0.0,0.0,0.0
00887,Queen St. @ Acton Blvd.,43.63509,-80.03091,0.0,0.0,0.0,0.0
00885,Plains Rd. E. @ Willowbrook Rd.,43.3171082,-79.8393402,0.0,0.0,0.0,0.0
00884,Plains Rd. E. @ Waterdown Rd.,43.3070107,-79.8525772,0.0,0.0,0.0,0.0
00883,Plains Rd. E. @ Lasalle Park Rd.,43.3069458,-79.8521805,0.0,0.0,0.0,0.0
00880,Plains Rd. E. @ King Rd.,43.3211784,-79.833252,0.0,0.0,0.0,0.0
00878,Plains Rd. E. @ Gallagher Rd.,43.3127785,-79.8449097,0.0,0.0,0.0,0.0
00877,Plains Rd. E. @ Francis Rd.,43.3246918,-79.8290176,0.0,0.0,0.0,0.0
00876,Plains Rd. E. @ Francis Rd.,43.3239784,-79.8296585,0.0,0.0,0.0,0.0
00875,Plains Rd. E. @ Falcon Blvd.,43.316925,-79.8392181,0.0,0.0,0.0,0.0
00871,Plains Rd. E. @ Cedarwood Place,43.3207474,-79.8343353,0.0,0.0,0.0,0.0
00870,Plains Rd. E. @ Gallagher Rd.,43.3126945,-79.8447876,0.0,0.0,0.0,0.0
00868,Mill St. E. @ Fellows St. (Acton GO),43.633812,-80.0369797,1.0,0.0,1.0,0.0
00867,Main St. N. @ School Ln.,43.6323853,-80.04496,0.0,0.0,0.0,0.0
00866,Mill St. E. @ Elgin St. S.,43.6315536,-80.0392075,0.0,0.0,0.0,0.0
00865,Mill St. E. @ Elgin St. N.,43.6317863,-80.0392303,0.0,0.0,0.0,0.0
00864,Mill St. E. @ Fellows St. (Acton GO),43.6337471,-80.0368423,1.0,0.0,1.0,0.0
00861,Main St. S. @ Bridge St.,43.6170883,-80.1415176,0.0,0.0,0.0,0.0
00860,Main St. S. @ Valley Rd.,43.6163979,-80.1408844,,,,
00854,Main St. N. @ Moore Park Cres.,43.655117,-79.9334869,0.0,0.0,0.0,0.0
00853,Main St. N. @ Moore Park Cres.,43.6549454,-79.9335709,0.0,0.0,0.0,0.0
00849,Hwy. 7 @ Hyland Ave.,43.6539307,-79.941452,,,,
00848,Hwy. 7 @ Bethel Rd.,43.6550446,-79.940506,,,,
00847,Hwy. 7 @ Banting Rd.,43.6515427,-79.9443207,,,,
00846,Main St. N. @ Elizabeth Dr.,43.6326408,-80.0455246,0.0,0.0,0.0,0.0
00844,279 Guelph St. @ Sinclair Ave.,43.6496773,-79.8898468,0.0,0.0,0.0,0.0
00842,Guelph St. @ Sinclair Ave.,43.6499443,-79.8935242,0.0,0.0,0.0,0.0
00841,Guelph St. @ Sinclair Ave.,43.6496468,-79.8933182,0.0,0.0,0.0,0.0
00839,Guelph St. @ Noble St.,43.6471291,-79.8579407,0.0,0.0,0.0,0.0
00838,324 Guelph St. @ Sinclair Ave.,43.6494904,-79.8901596,0.0,0.0,0.0,0.0
00837,Guelph St. @ Mill St.,43.6512375,-79.9233627,0.0,0.0,0.0,0.0
00834,Guelph St. @ Mill St.,43.6513214,-79.9234467,0.0,0.0,0.0,0.0
00833,Guelph St. @ McFarlane Dr.,43.6489639,-79.8769226,0.0,0.0,0.0,0.0
00832,Guelph St. @ Maple Ave.,43.6510811,-79.9172134,0.0,0.0,0.0,0.0
00830,Guelph St. @ Lakeview Ave.,43.6330376,-80.0496826,0.0,0.0,0.0,0.0
00828,Guelph St. @ Delrex Blvd.,43.6491737,-79.8806686,0.0,0.0,0.0,0.0
00827,Guelph St. @ Delrex Blvd.,43.6489067,-79.88134,0.0,0.0,0.0,0.0
00824,Guelph St. @ Armstrong Ave.,43.6494751,-79.8849487,0.0,0.0,0.0,0.0
00823,Guelph St. @ Armstrong Ave.,43.6491852,-79.8847427,0.0,0.0,0.0,0.0
00822,Guelph St. @ Noble St.,43.6469536,-79.8575363,,,,
00820,Fairview St. @ Maple Ave.,43.3287392,-79.8214798,0.0,0.0,0.0,0.0
00819,Fairview St. @ Maple Ave.,43.3295403,-79.8197861,0.0,0.0,0.0,0.0
00816,Derry Rd. @ Trudeau Dr.,43.5284157,-79.8378067,0.0,0.0,0.0,0.0
00815,Derry Rd. @ Trudeau Dr.,43.5277672,-79.8381882,0.0,0.0,0.0,0.0
00812,Derry Rd. @ Miller Way,43.5185127,-79.8486328,0.0,0.0,0.0,0.0
00811,Derry Rd. @ Thompson Rd. S.,43.5183742974875,-79.8485449007419,,,,
00810,Derry Rd. @ Miller Way,43.520977,-79.8459167,0.0,0.0,0.0,0.0
00809,Derry Rd. @ James Snow Pkwy.,43.5310211,-79.8351364,0.0,0.0,0.0,0.0
00808,Derry Rd. @ James Snow Pkwy.,43.5304413,-79.8352661,0.0,0.0,0.0,0.0
00807,Derry Rd. @ Fourth Line,43.5258636,-79.8403397,0.0,0.0,0.0,0.0
00806,Derry Rd. @ Fourth Line,43.5261955,-79.8401794,0.0,0.0,0.0,0.0
00804,Brant St. @ Leighland Rd.,43.3391037,-79.8182068,0.0,0.0,0.0,0.0
00803,Alma St. @ Fall St. (Rockwood Conservation Area),43.6138763,-80.1490631,0.0,0.0,0.0,0.0
00802,Alma St. @ Fall St. (Rockwood Conservation Area),43.6140785,-80.148674,0.0,0.0,0.0,0.0
00801,Main St. S. @ Frederick St.,43.6113472,-80.1336594,,,,
00738,Hwy. 48 @ 19th Ave.,43.945339,-79.277901,0.0,0.0,0.0,0.0
00736,Finch Bus Terminal,43.7819481,-79.4159088,1.0,1.0,1.0,0.0
00734,King St. E. @ Simpson Ave.,43.9116249,-78.6742783,0.0,0.0,0.0,0.0
00732,Main St. W. @ Longwood Rd. S.,43.2590866,-79.901741,0.0,0.0,0.0,0.0
00731,Yonge St. @ 16th Ave.,43.8536987,-79.4329987,0.0,0.0,0.0,0.0
00730,Erin Mills Pkwy. @ Britannia Rd. W.,43.577713,-79.7318649,0.0,0.0,0.0,0.0
00729,Kingston Rd. @ Salem Rd.,43.8634529,-79.0167465,0.0,0.0,0.0,0.0
00728,Kingston Rd. @ Salem Rd.,43.8634377,-79.0152206,0.0,0.0,0.0,0.0
00727,Liverpool Rd. @ Pickering Pkwy.,43.83309,-79.08914,0.0,0.0,0.0,0.0
00726,Liverpool Rd. @ Pickering Pkwy.,43.83299,-79.0894,0.0,0.0,0.0,0.0
00723,McCowan Rd. @ Triton Rd.,43.7755547,-79.2528763,0.0,0.0,0.0,0.0
00719,Durham Hwy. 2 @ Durham Regional Rd. 42,43.9130058,-78.6269608,,,,
00718,Durham Hwy. 2 @ Durham Regional Rd. 42,43.9128151,-78.6273422,,,,
00716,Durham Rd. 2 @ Durham Rd. 57,43.911396,-78.7018509,0.0,0.0,0.0,0.0
00714,Toronto St. @ Brock St.,44.1092377,-79.1226883,0.0,0.0,0.0,0.0
00699,Toronto St. @ Welwood Dr.,44.0890808,-79.1344223,0.0,0.0,0.0,0.0
00698,Toronto St. S. @ Poplar St.,44.1068153,-79.1233902,0.0,0.0,0.0,0.0
00697,Toronto St. S. @ Peel St.,44.1058197,-79.1241226,,,,
00696,Toronto St. S. @ Mill St.,44.1044579,-79.124939,,,,
00695,Toronto St. @ Elgin Park Dr.,44.0974541,-79.1284714,0.0,0.0,0.0,0.0
00694,Toronto St. S. @ Campbell Dr.,44.1023788,-79.1256332,0.0,0.0,0.0,0.0
00693,Toronto St. S. @ Campbell Dr.,44.10191,-79.12558,0.0,0.0,0.0,0.0
00692,Toronto St. N. @ Albert St.,44.1093521,-79.1225128,,,,
00681,Stouffville Rd. At Goodwood Rd.,44.0337105,-79.2021866,0.0,0.0,0.0,0.0
00634,Kingston Rd. @ Whites Rd.,43.8194008,-79.1146774,0.0,0.0,0.0,0.0
00633,Kingston Rd. @ Whites Rd.,43.8189011,-79.1159744,0.0,0.0,0.0,0.0
00623,Kingston Rd. @ Rougemount Dr.,43.80911,-79.12996,0.0,0.0,0.0,0.0
00622,Kingston Rd. @ Rougemount Dr.,43.8096542,-79.129097,0.0,0.0,0.0,0.0
00590,King St. W. @ Park Rd.,43.8953896,-78.8726578,0.0,0.0,0.0,0.0
00554,Toronto St. @ Welwood Dr.,44.0885963,-79.1344528,0.0,0.0,0.0,0.0
00553,Durham Hwy. 47 @ Goodwood Rd.,44.0338898,-79.2021637,0.0,0.0,0.0,0.0
00541,King St. W. @ Roenigk Dr.,43.9130325,-78.6950607,0.0,0.0,0.0,0.0
00540,King St. W. @ Roenigk Dr.,43.9127769,-78.6950073,0.0,0.0,0.0,0.0
00539,Durham Hwy. 2 @ Rickard Rd.,43.9124374,-78.6391907,,,,
00537,King St. E. @ Ontario St.,43.911026,-78.6849518,0.0,0.0,0.0,0.0
00536,King St. E. @ Mearns Ave.,43.9125061,-78.6700745,0.0,0.0,0.0,0.0
00535,King St. E. @ Mearns Ave.,43.9123039,-78.6707916,0.0,0.0,0.0,0.0
00530,Durham Hwy. 2 @ Lambs Rd.,43.9112587,-78.6584167,,,,
00529,Durham Hwy. 2 @ Lambs Rd.,43.9112358,-78.6594772,,,,
00526,Durham Hwy. 2 @ Browview Rd.,43.9131012,-78.6224365,,,,
00525,Durham Hwy. 2 @ Kurve Inn Rd.,43.9129677,-78.6222305,,,,
00522,King St. E. @ George St.,43.9115372,-78.686203,0.0,0.0,0.0,0.0
00521,King St. E. @ Galbraith Cr.,43.9117889,-78.6741791,0.0,0.0,0.0,0.0
00520,Durham Hwy. 2 @ Durham Rd. 57,43.9110336,-78.7023163,0.0,0.0,0.0,0.0
00519,King St. E. @ Division St.,43.9116707,-78.6874466,0.0,0.0,0.0,0.0
00514,Durham Hwy. 2 @ Bragg Rd.,43.9126205,-78.6365585,,,,
00511,Durham Hwy. 2 @ Bennett Rd.,43.9125595,-78.6476517,,,,
00510,Durham Hwy. 2 @ Bennett Rd.,43.9123993,-78.6490173,,,,
00462,Clarington Blvd. @ Durham Hwy. 2,43.9084511,-78.7072296,0.0,0.0,0.0,0.0
00429,Bond St. W. @ Park Rd. N.,43.8962479,-78.8746185,0.0,0.0,0.0,0.0
00368,Dundas St. @ Thickson Rd.,43.886425,-78.9140778,0.0,0.0,0.0,0.0
00367,Kingston Rd. @ Westney Rd.,43.85742,-79.04304,0.0,0.0,0.0,0.0
00365,Kingston Rd. @ Brock Rd.,43.8479996,-79.0733032,0.0,0.0,0.0,0.0
00358,Centennial College,43.7854233,-79.2290802,0.0,0.0,0.0,0.0
00354,Hurontario St. @ Hwy. 407 Park & Ride,43.6521416,-79.7108765,0.0,0.0,0.0,0.0
00350,Richmond Hill Centre,43.8401451,-79.4252853,1.0,1.0,1.0,0.0
00349,Townline @ Mill St. (Orangeville) Park & Ride,43.9135475,-80.0906754,1.0,0.0,0.0,1.0
00347,Queen St. S. @ Allan Dr.,43.8719978,-79.7272873,,,,
00346,Queen St. S. @ Wilton Dr.,43.8719444,-79.7277222,,,,
00345,Barrie South GO Bus,44.351771,-79.628335,1.0,1.0,1.0,0.0
00344,Kingston Rd. @ Church St.,43.8546715,-79.0551224,,,,
00343,Kingston Rd. @ Church St.,43.8541832,-79.0567474,0.0,0.0,0.0,0.0
00342,Dundas St. @ White Oaks Crt.,43.8749466,-78.9636459,0.0,0.0,0.0,0.0
00341,Lisgar GO Bus,43.591504,-79.788224,0.0,1.0,1.0,0.0
00340,Hwy. 50 @ Queen St. E.,43.7673454,-79.6489105,0.0,0.0,0.0,0.0
00339,Regional Rd. 50 @ Nashville Rd.,43.8360138,-79.6881485,,,,
00338,Hwy. 50 @ Columbia Way,43.8914528,-79.7542267,0.0,0.0,0.0,0.0
00337,Brock Rd. @ McLean Rd. (Aberfoyle) Park & Ride,43.4609909,-80.133667,0.0,0.0,0.0,0.0
00333,King St. W. @ Stevenson Rd.,43.8933334,-78.8819885,0.0,0.0,0.0,0.0
00332,Bond St. W. @ Stevenson Rd. N.,43.8938599,-78.8843384,0.0,0.0,0.0,0.0
00331,Dundas St. @ Thickson Rd.,43.8865662,-78.9120483,0.0,0.0,0.0,0.0
00329,Dundas St. @ Hopkins St.,43.8841171,-78.9228897,0.0,0.0,0.0,0.0
00328,Dundas St. @ Anderson St.,43.8844604,-78.9221268,0.0,0.0,0.0,0.0
00327,Dundas St. @ Garden St.,43.8822479,-78.9310532,0.0,0.0,0.0,0.0
00326,Dundas St. @ Garden St.,43.8823242,-78.9318085,0.0,0.0,0.0,0.0
00325,Dundas St. @ White Oaks Crt.,43.8750877,-78.9639893,0.0,0.0,0.0,0.0
00323,Kingston Rd. @ Harwood Ave.,43.8611984,-79.0252075,0.0,0.0,0.0,0.0
00322,Kingston Rd. @ Harwood Ave.,43.8612671,-79.0265427,0.0,0.0,0.0,0.0
00314,Kingston Rd. @ Glenanna Rd.,43.8381004,-79.087471,0.0,0.0,0.0,0.0
00312,Kingston Rd. @ Fairport Rd.,43.8234673,-79.1067047,0.0,0.0,0.0,0.0
00310,McMaster University,43.2617264,-79.9225693,0.0,0.0,0.0,0.0
00307,Wellington St. E. @ Hwy. 404 Park & Ride,44.0128479,-79.4081802,0.0,0.0,0.0,0.0
00306,Clarington Blvd. @ Durham Hwy. 2 (Bowmanville) Park & Ride,43.9078712,-78.7046204,1.0,0.0,0.0,0.0
00303,Wellington St. E. @ Bayview Ave.,44.0047264,-79.4445038,0.0,0.0,0.0,0.0
00302,Railway St. @ Albert St.,44.1095467,-79.125206,0.0,0.0,0.0,0.0
00300,Yonge St. @ North York Blvd.,43.7668343,-79.412468,0.0,0.0,0.0,0.0
00299,Yonge St. @ Elmhurst Ave.,43.7634468,-79.4115524,0.0,0.0,0.0,0.0
00297,Wellington St. E. @ Bayview Ave.,44.0053253,-79.4434891,0.0,0.0,0.0,0.0
00296,Mount Pleasant GO Bus,43.674976,-79.822181,1.0,1.0,1.0,0.0
00292,Bovaird Dr. W. @ Hurontario St.,43.705513,-79.7875595,0.0,0.0,0.0,0.0
00276,East Gwillimbury GO Bus,44.078506,-79.456539,1.0,1.0,1.0,0.0
00264,Bronte GO Bus,43.416275,-79.724009,1.0,1.0,1.0,0.0
00263,Appleby GO Bus,43.379261,-79.760483,1.0,1.0,1.0,0.0
00258,Broadway @ Blind Line,43.9155502,-80.1138382,,,,
00257,Hansen Blvd. @ First St. (Orangeville Mall),43.930336,-80.1022568,0.0,0.0,0.0,0.0
00255,Hwy. 10 @ Buena Vista Dr.,43.921978,-80.0827255,,,,
00254,Hurontario St. @ Charleston Side Rd.,43.8602753,-79.99617,0.0,0.0,0.0,0.0
00253,Hurontario St. @ Charleston Side Rd.,43.8601723,-79.9954758,0.0,0.0,0.0,0.0
00252,Hurontario St. @ King St.,43.7734947,-79.8786621,,,,
00251,Hurontario St. @ King St.,43.7734184,-79.8780365,0.0,0.0,0.0,0.0
00250,Hurontario St. @ Mayfield Rd.,43.7339287,-79.8255081,0.0,0.0,0.0,0.0
00249,Hurontario St. @ Mayfield Rd.,43.7334137,-79.8244095,0.0,0.0,0.0,0.0
00242,Finch Ave. W. @ Darcel Ave.,43.7335091,-79.6343002,,,,
00241,Finch Ave. W. @ Longo Circle,43.7334518,-79.6333313,0.0,0.0,0.0,0.0
00231,Trinity Common Mall,43.7313271,-79.7631531,0.0,0.0,0.0,0.0
00228,Malton GO Bus,43.705143,-79.637825,1.0,1.0,1.0,0.0
00227,Steeles Ave. E. @ Rutherford St. S.,43.68031,-79.71787,0.0,0.0,0.0,0.0
00225,Bramalea Bus Terminal,43.7186356,-79.7205734,0.0,1.0,1.0,0.0
00223,Shopper's World,43.6675682,-79.7358246,0.0,0.0,0.0,0.0
00222,Shopper's World,43.6678429,-79.7354813,0.0,0.0,0.0,0.0
00221,Brampton Bus Terminal,43.6869087,-79.7628632,0.0,0.0,0.0,0.0
00217,Bovaird Dr. W. @ Chinguacousy Rd.,43.6859589,-79.8089981,0.0,0.0,0.0,0.0
00216,Bovaird Dr. W. @ Chinguacousy Rd.,43.6868248,-79.8075638,0.0,0.0,0.0,0.0
00215,Bovaird Dr. W. @ Mississauga Rd.,43.6660957,-79.8306732,0.0,0.0,0.0,0.0
00214,Bovaird Dr. W. @ Mississauga Rd.,43.665844,-79.830719,0.0,0.0,0.0,0.0
00213,Guelph St. @ King St.,43.6466408,-79.8604736,0.0,0.0,0.0,0.0
00212,Guelph St. @ King St.,43.6464195,-79.8608932,,,,
00211,Guelph St. @ Alcott Dr.,43.6500854,-79.8976746,0.0,0.0,0.0,0.0
00210,Georgetown Market,43.6499481,-79.8984299,0.0,0.0,0.0,0.0
00205,Main St. N. @ Mill St. E.,43.6300278,-80.04216,,,,
00204,Alma St. @ Inkerman St.,43.6168976,-80.1462097,0.0,0.0,0.0,0.0
00203,Alma St. @ Inkerman St.,43.6168633,-80.1464539,0.0,0.0,0.0,0.0
00201,University of Guelph,43.5293732,-80.2252502,0.0,0.0,0.0,0.0
00200,Syntex Crt. @ Financial Dr.,43.6098404,-79.7476349,0.0,0.0,0.0,0.0
00197,Mississauga Rd. @ Mississauga Rd.,43.5983543,-79.7387848,0.0,0.0,0.0,0.0
00196,Erin Mills Pkwy. @ Turner Valley Rd.,43.5971031,-79.7390289,0.0,0.0,0.0,0.0
00194,Milton GO Bus,43.523803,-79.867178,1.0,1.0,1.0,0.0
00191,Aquitaine Ave. @ Meadowvale Town Centre Circle,43.5847511,-79.7606812,0.0,0.0,1.0,0.0
00190,Aquitaine Ave. @ Formentera Ave. (Meadowvale Town Centre),43.5842514,-79.7617722,0.0,0.0,0.0,0.0
00189,Erindale GO Bus,43.567861,-79.667632,1.0,1.0,1.0,0.0
00181,Clarkson GO Bus,43.512831,-79.633109,1.0,1.0,1.0,0.0
00180,Aldershot GO Bus,43.313036,-79.855903,1.0,1.0,1.0,0.0
00178,King St. W. @ Dundurn St. N.,43.2622643,-79.8875809,0.0,0.0,0.0,0.0
00177,Burlington GO Bus,43.3404415392208,-79.8094994945172,1.0,1.0,1.0,0.0
00174,Dundas St. @ Brock St.,43.8800888,-78.9416351,0.0,0.0,0.0,0.0
00173,Dundas St. @ Brock St.,43.8796501,-78.9427185,0.0,0.0,0.0,0.0
00171,Kingston Rd. @ Sheppard Ave. E.,43.7995529,-79.1456985,0.0,0.0,0.0,0.0
00170,Kingston Rd. @ Port Union Rd.,43.7991524,-79.145546,0.0,0.0,0.0,0.0
00166,Bond St. W. @ Centre St. N.,43.898056,-78.8659744,0.0,0.0,0.0,0.0
00161,Ajax GO Bus,43.847547,-79.041084,1.0,1.0,1.0,0.0
00159,Durham College Oshawa GO,43.870909,-78.88585,1.0,1.0,1.0,0.0
00158,King St. E. @ Liberty St.,43.9103699,-78.6810532,1.0,0.0,0.0,0.0
00157,King St. E. @ Liberty St.,43.9107056,-78.6806183,1.0,0.0,0.0,0.0
00156,Bowmanville Ave. @ Baseline Rd.,43.8978195,-78.6911011,0.0,0.0,0.0,0.0
00155,Bowmanville Ave. @ Baseline Rd.,43.8975792,-78.6905899,0.0,0.0,0.0,0.0
00153,Durham College Campus/Ontario Tech University,43.9433594,-78.8949661,0.0,0.0,0.0,0.0
00148,Streetsville GO Bus,43.575378,-79.709271,1.0,1.0,1.0,0.0
00147,Pickering GO Bus,43.830982,-79.084571,1.0,1.0,1.0,0.0
00144,University of Toronto Scarborough,43.7843628,-79.1851273,0.0,0.0,0.0,0.0
00141,Hamilton GO Centre Bus,43.252945,-79.869586,1.0,1.0,1.0,0.0
00139,Dundas St. @ Hwy. 407 Park & Ride,43.388744,-79.828513,0.0,0.0,1.0,0.0
00138,Bronte Rd. @ Hwy. 407 Park & Ride,43.4457626,-79.7920151,0.0,0.0,0.0,0.0
00137,Oakville GO Bus,43.455966,-79.681676,1.0,1.0,1.0,0.0
00133,Square One,43.5946693,-79.6474915,1.0,1.0,1.0,0.0
00132,Square One,43.5945549,-79.6475983,1.0,1.0,1.0,0.0
00131,Langstaff Rd. E. @ Yonge St.,43.8326988,-79.427536,0.0,0.0,0.0,0.0
00130,Langstaff Rd. E. @ Yonge St.,43.8325882,-79.4272537,0.0,0.0,0.0,0.0
00129,Meadowvale GO Bus,43.597499,-79.754517,1.0,1.0,1.0,0.0
00128,Unionville GO Bus,43.851935,-79.313774,1.0,1.0,1.0,0.0
00127,Bullock Dr. @ Austin Dr.,43.8673248,-79.292511,0.0,0.0,0.0,0.0
00126,Bullock Dr. @ Austin Dr.,43.8676033,-79.2930374,0.0,0.0,0.0,0.0
00125,Bullock Dr. @ McCowan Rd. (Centennial GO),43.87161,-79.28832,0.0,0.0,1.0,0.0
00124,Bullock Dr. @ McCowan Rd. (Centennial GO),43.8720551,-79.2881393,1.0,0.0,1.0,0.0
00123,Main St. N. @ Ramona Blvd. (Markham GO),43.8828239,-79.2618408,1.0,1.0,1.0,0.0
00122,Main St. N. @ Station St. (Markham GO),43.88255,-79.26191,0.0,0.0,1.0,0.0
00121,Mount Joy GO Bus,43.900455,-79.263649,1.0,1.0,1.0,0.0
00118,Main St. @ Edward St. (Stouffville GO),43.97041,-79.25075,0.0,0.0,0.0,0.0
00117,Main St. @ Edward St. (Stouffville GO),43.9706841,-79.2501831,1.0,0.0,1.0,0.0
00116,Hwy. 47 @ Front St.,44.0369034,-79.1964798,0.0,0.0,0.0,0.0
00115,Hwy. 47 @ Front St.,44.0375214,-79.1956329,0.0,0.0,0.0,0.0
00093,Yonge St. @ Mapleview Dr. E.,44.3486099,-79.6277084,0.0,0.0,0.0,0.0
00092,Yonge St. @ Mapleview Dr. E.,44.3481598,-79.6270218,0.0,0.0,0.0,0.0
00090,Yonge St. @ Victoria St.,44.3241806,-79.6191483,0.0,0.0,0.0,0.0
00087,Yonge St. @ Killarney Beach Rd.,44.2514305,-79.6007919,0.0,0.0,0.0,0.0
00086,Bradford GO,44.115852,-79.557507,0.0,0.0,0.0,0.0
00083,Yonge St. @ Mount Albert Rd.,44.0952721,-79.4899673,0.0,0.0,1.0,0.0
00081,Aurora GO Bus,43.999846,-79.459435,1.0,1.0,1.0,0.0
00079,Yonge St. @ North York Blvd. (Mel Lastman Square),43.7681007,-79.4128571,0.0,0.0,0.0,0.0
00074,Yonge St. @ Steeles Ave. W.,43.7986336,-79.4200897,0.0,0.0,0.0,0.0
00073,Yonge St. @ Steeles Ave. W.,43.7982216,-79.4202805,0.0,0.0,0.0,0.0
00062,Richmond Hill GO Bus,43.875786,-79.426228,1.0,1.0,1.0,0.0
00061,Langstaff Rd. E. @ Cedar Ave. (Langstaff GO),43.83663,-79.42024,0.0,0.0,0.0,0.0
00060,Langstaff Rd. E. @ Cedar Ave. (Langstaff GO),43.836455,-79.420243,,,,
00031,Whitby GO Bus,43.8653526,-78.9379272,1.0,1.0,1.0,0.0
00030,Keele St. @ Burton Grove (King City GO),43.9208336,-79.5259781,0.0,0.0,0.0,0.0
00028,Rutherford GO Bus,43.838582,-79.498945,1.0,1.0,1.0,0.0
00027,Keele St. @ Station Rd. (King City GO),43.9203224,-79.5260773,0.0,0.0,0.0,0.0
00025,Barrie St. @ Holland St. W.,44.1146889,-79.565094,0.0,0.0,0.0,0.0
00022,Keele St. @ Hwy. 401,43.7216759,-79.4808273,,,,
00021,Hwy. 9 @ Hwy. 400 Park & Ride,44.0275345,-79.5959473,0.0,0.0,0.0,0.0
00020,Hwy. 401 @ Keele St.,43.7232399,-79.4819412,0.0,0.0,1.0,0.0
00019,Yorkdale Bus Terminal,43.7249374,-79.4488754,0.0,1.0,0.0,0.0
00015,Yonge St. @ 16th Ave. (South Hill Shopping Centre),43.8551788,-79.4333191,0.0,0.0,0.0,0.0
00014,Yonge St. @ Langstaff Rd. E.,43.8323288,-79.4280472,0.0,0.0,0.0,0.0
00013,Finch Bus Terminal,43.7821732,-79.4150925,1.0,1.0,1.0,0.0
00011,York Mills Bus Terminal,43.745079,-79.4064636,0.0,1.0,1.0,0.0
00008,Yonge St. @ Sheppard Ave.,43.7615967,-79.4111938,0.0,0.0,0.0,0.0
00006,Yonge St. @ Hwy. 407,43.8319817,-79.4283829,0.0,0.0,0.0,0.0
00005,Yonge St. @ Baif Blvd. (Hillcrest Mall),43.8557549,-79.433876,0.0,0.0,0.0,0.0
